"Date","Price","Open","High","Low","Vol.","Change %"
"12/31/1993","96.84","96.67","96.85","96.55","","0.14%"
"12/30/1993","96.70","96.37","96.79","96.22","","0.26%"
"12/29/1993","96.45","95.18","96.52","95.16","","1.38%"
"12/28/1993","95.14","95.27","95.32","95.06","","-0.10%"
"12/27/1993","95.24","94.99","95.37","94.96","","0.59%"
"12/24/1993","94.68","95.15","95.23","94.67","","0.00%"
"12/23/1993","94.68","95.15","95.23","94.67","","-0.48%"
"12/22/1993","95.14","95.58","95.67","95.10","","-0.54%"
"12/21/1993","95.66","95.74","95.78","95.47","","-0.07%"
"12/20/1993","95.73","95.72","96.01","95.68","","-0.01%"
"12/17/1993","95.74","95.59","95.74","95.45","","0.07%"
"12/16/1993","95.67","96.03","96.10","95.50","","-0.32%"
"12/15/1993","95.98","95.80","96.09","95.76","","0.18%"
"12/14/1993","95.81","95.51","95.88","95.40","","0.31%"
"12/13/1993","95.51","95.05","95.56","94.88","","0.48%"
"12/10/1993","95.05","95.20","95.29","94.90","","-0.26%"
"12/09/1993","95.30","95.29","95.44","95.16","","0.15%"
"12/08/1993","95.16","95.13","95.51","95.02","","0.05%"
"12/07/1993","95.11","94.97","95.25","94.90","","0.14%"
"12/06/1993","94.98","96.01","96.04","94.94","","-1.14%"
"12/03/1993","96.08","96.48","96.48","96.03","","-0.37%"
"12/02/1993","96.44","96.47","96.53","96.27","","-0.03%"
"12/01/1993","96.47","96.21","96.50","96.08","","0.27%"
"11/30/1993","96.21","95.92","96.37","95.84","","0.27%"
"11/29/1993","95.95","96.05","96.28","95.86","","-0.07%"
"11/26/1993","96.02","95.89","96.11","95.76","","0.44%"
"11/25/1993","95.60","95.65","95.72","95.35","","0.00%"
"11/24/1993","95.60","95.65","95.72","95.35","","-0.08%"
"11/23/1993","95.68","95.76","96.15","95.44","","-0.10%"
"11/22/1993","95.78","96.03","96.20","95.56","","-0.25%"
"11/19/1993","96.02","95.70","96.20","95.67","","0.34%"
"11/18/1993","95.69","95.30","95.78","95.25","","0.53%"
"11/17/1993","95.19","95.34","95.64","95.11","","-0.07%"
"11/16/1993","95.26","95.00","95.49","94.89","","0.33%"
"11/15/1993","94.95","94.61","95.10","94.47","","0.48%"
"11/12/1993","94.50","95.01","95.33","94.41","","-0.51%"
"11/11/1993","94.98","94.84","95.07","94.75","","0.09%"
"11/10/1993","94.89","95.14","95.28","94.81","","-0.22%"
"11/09/1993","95.10","94.61","95.36","94.53","","0.53%"
"11/08/1993","94.60","94.86","94.90","94.44","","-0.30%"
"11/05/1993","94.88","95.12","95.42","94.76","","-0.26%"
"11/04/1993","95.13","94.96","95.27","94.77","","0.13%"
"11/03/1993","95.01","95.43","95.49","94.88","","-0.45%"
"11/02/1993","95.44","95.34","95.54","94.93","","0.17%"
"11/01/1993","95.28","95.19","95.47","95.09","","0.21%"
"10/29/1993","95.08","94.48","95.10","94.38","","0.64%"
"10/28/1993","94.48","94.88","95.34","94.28","","-0.39%"
"10/27/1993","94.85","94.59","94.93","94.48","","0.15%"
"10/26/1993","94.71","94.84","95.02","94.48","","-0.11%"
"10/25/1993","94.81","94.46","94.87","94.12","","0.39%"
"10/22/1993","94.44","94.19","94.54","94.05","","0.32%"
"10/21/1993","94.14","93.29","94.27","93.25","","0.86%"
"10/20/1993","93.34","93.44","93.71","93.16","","-0.10%"
"10/19/1993","93.43","93.37","93.54","93.16","","0.07%"
"10/18/1993","93.36","92.56","93.47","92.53","","0.91%"
"10/15/1993","92.52","92.38","92.67","92.27","","0.14%"
"10/14/1993","92.39","91.73","92.52","91.66","","0.66%"
"10/13/1993","91.78","91.32","91.86","91.29","","0.50%"
"10/12/1993","91.32","91.72","91.76","91.21","","-0.43%"
"10/11/1993","91.71","91.66","91.80","91.43","","0.07%"
"10/08/1993","91.65","92.35","92.43","91.48","","-0.71%"
"10/07/1993","92.31","92.28","92.45","92.14","","0.03%"
"10/06/1993","92.28","92.49","92.61","92.10","","-0.16%"
"10/05/1993","92.43","92.36","92.55","91.95","","0.09%"
"10/04/1993","92.35","92.78","93.27","92.14","","-0.37%"
"10/01/1993","92.69","92.80","93.35","92.53","","-0.14%"
"09/30/1993","92.82","91.88","92.91","91.87","","1.01%"
"09/29/1993","91.89","91.81","91.98","91.59","","0.08%"
"09/28/1993","91.82","92.32","92.55","91.71","","-0.47%"
"09/27/1993","92.25","92.65","92.67","92.14","","-0.43%"
"09/24/1993","92.65","92.82","93.32","92.62","","-0.17%"
"09/23/1993","92.81","92.38","92.99","92.23","","0.53%"
"09/22/1993","92.32","92.60","92.75","92.08","","-0.43%"
"09/21/1993","92.72","91.39","92.81","91.21","","1.44%"
"09/20/1993","91.40","91.41","91.73","91.29","","0.00%"
"09/17/1993","91.40","91.01","91.56","90.95","","0.51%"
"09/16/1993","90.94","90.56","91.37","90.31","","0.21%"
"09/15/1993","90.75","91.23","91.39","90.29","","-0.50%"
"09/14/1993","91.21","91.06","91.52","91.00","","0.03%"
"09/13/1993","91.18","90.81","91.35","90.72","","0.42%"
"09/10/1993","90.80","91.17","91.36","90.66","","-0.27%"
"09/09/1993","91.05","91.74","91.94","90.74","","-0.73%"
"09/08/1993","91.72","91.49","91.97","91.47","","0.39%"
"09/07/1993","91.36","91.60","91.96","91.17","","-0.78%"
"09/06/1993","92.08","93.23","93.45","92.05","","0.00%"
"09/03/1993","92.08","93.23","93.45","92.05","","-1.19%"
"09/02/1993","93.19","93.60","93.66","93.16","","-0.34%"
"09/01/1993","93.51","93.96","94.15","93.36","","-0.47%"
"08/31/1993","93.95","93.66","94.13","93.54","","0.35%"
"08/30/1993","93.62","93.28","93.86","93.25","","0.34%"
"08/27/1993","93.30","93.44","93.62","93.24","","0.00%"
"08/26/1993","93.30","94.01","94.19","93.21","","-0.76%"
"08/25/1993","94.01","93.62","94.39","93.57","","0.48%"
"08/24/1993","93.56","93.68","94.03","93.50","","-0.13%"
"08/23/1993","93.68","93.30","93.94","93.19","","0.32%"
"08/20/1993","93.38","93.95","94.10","93.30","","-0.79%"
"08/19/1993","94.12","93.42","94.37","93.12","","0.79%"
"08/18/1993","93.38","94.00","94.14","93.22","","-0.64%"
"08/17/1993","93.98","93.99","94.26","93.76","","0.04%"
"08/16/1993","93.94","95.16","95.19","93.82","","-1.25%"
"08/13/1993","95.13","95.34","95.47","95.03","","-0.15%"
"08/12/1993","95.27","95.22","95.64","95.10","","0.04%"
"08/11/1993","95.23","95.20","95.30","94.91","","0.02%"
"08/10/1993","95.21","94.41","95.23","94.40","","0.88%"
"08/09/1993","94.38","94.19","94.50","94.06","","0.25%"
"08/06/1993","94.14","94.48","94.85","94.08","","-0.40%"
"08/05/1993","94.52","94.28","94.77","94.28","","0.15%"
"08/04/1993","94.38","94.45","94.57","94.14","","-0.02%"
"08/03/1993","94.40","94.58","94.76","94.09","","-0.24%"
"08/02/1993","94.63","95.48","95.80","94.47","","-0.78%"
"07/30/1993","95.37","95.44","95.62","95.25","","-0.17%"
"07/29/1993","95.53","94.45","95.54","94.34","","1.15%"
"07/28/1993","94.44","94.92","94.98","94.30","","-0.46%"
"07/27/1993","94.88","94.75","94.93","94.65","","0.13%"
"07/26/1993","94.76","94.57","94.98","94.55","","0.20%"
"07/23/1993","94.57","94.07","94.80","93.90","","0.62%"
"07/22/1993","93.99","93.93","94.43","93.83","","0.02%"
"07/21/1993","93.97","93.98","94.14","93.75","","-0.05%"
"07/20/1993","94.02","94.19","94.54","93.97","","-0.21%"
"07/19/1993","94.22","94.66","94.69","94.11","","-0.40%"
"07/16/1993","94.60","94.89","95.36","94.58","","-0.27%"
"07/15/1993","94.86","94.43","95.05","94.27","","0.40%"
"07/14/1993","94.48","94.54","95.10","94.35","","-0.13%"
"07/13/1993","94.60","95.23","95.38","94.53","","-0.69%"
"07/12/1993","95.26","95.06","95.61","94.88","","0.29%"
"07/09/1993","94.98","93.99","95.09","93.91","","1.04%"
"07/08/1993","94.00","93.89","94.34","93.62","","0.00%"
"07/07/1993","94.00","93.88","94.06","93.37","","0.18%"
"07/06/1993","93.83","93.55","93.94","93.43","","0.37%"
"07/05/1993","93.48","93.19","93.64","92.82","","0.00%"
"07/02/1993","93.48","93.19","93.64","92.82","","0.31%"
"07/01/1993","93.19","93.70","94.11","93.09","","-0.47%"
"06/30/1993","93.63","92.93","93.74","92.66","","0.85%"
"06/29/1993","92.84","93.37","93.60","92.83","","-0.61%"
"06/28/1993","93.41","93.59","94.03","93.28","","-0.15%"
"06/25/1993","93.55","94.14","94.15","93.19","","-0.56%"
"06/24/1993","94.08","93.45","94.09","93.45","","0.64%"
"06/23/1993","93.48","93.74","94.12","93.31","","-0.30%"
"06/22/1993","93.76","92.92","93.96","92.92","","0.43%"
"06/21/1993","93.36","92.92","93.72","92.88","","0.46%"
"06/18/1993","92.93","91.80","93.11","91.68","","1.25%"
"06/17/1993","91.78","91.69","91.99","91.44","","0.05%"
"06/16/1993","91.73","91.11","91.92","90.99","","0.72%"
"06/15/1993","91.07","90.28","91.15","90.11","","0.85%"
"06/14/1993","90.30","90.41","90.44","90.01","","-0.15%"
"06/11/1993","90.44","90.43","90.70","90.04","","0.00%"
"06/10/1993","90.44","90.88","91.01","90.42","","-0.43%"
"06/09/1993","90.83","90.45","91.06","90.37","","0.43%"
"06/08/1993","90.44","90.40","90.57","90.19","","0.02%"
"06/07/1993","90.42","90.76","90.81","90.33","","-0.36%"
"06/04/1993","90.75","89.31","90.84","89.30","","1.60%"
"06/03/1993","89.32","89.41","89.70","89.32","","-0.09%"
"06/02/1993","89.40","88.85","89.55","88.85","","0.43%"
"06/01/1993","89.02","89.10","89.36","88.94","","-0.07%"
"05/31/1993","89.08","89.05","89.21","89.03","","0.13%"
"05/28/1993","88.96","89.51","89.62","88.89","","-0.63%"
"05/27/1993","89.52","90.50","90.59","89.44","","-1.07%"
"05/26/1993","90.49","90.62","90.75","90.33","","-0.14%"
"05/25/1993","90.62","91.04","91.14","90.49","","-0.46%"
"05/24/1993","91.04","90.77","91.38","90.71","","0.37%"
"05/21/1993","90.70","90.37","90.89","90.28","","0.34%"
"05/20/1993","90.39","90.65","90.77","90.15","","-0.30%"
"05/19/1993","90.66","90.89","91.02","90.39","","-0.26%"
"05/18/1993","90.90","90.65","91.23","90.62","","0.29%"
"05/17/1993","90.64","90.19","90.77","90.10","","0.52%"
"05/14/1993","90.17","90.95","91.00","90.11","","-0.84%"
"05/13/1993","90.93","90.56","90.97","90.55","","0.39%"
"05/12/1993","90.58","90.54","90.96","90.45","","0.08%"
"05/11/1993","90.51","90.49","90.78","90.33","","-0.01%"
"05/10/1993","90.52","89.27","90.55","89.17","","1.45%"
"05/07/1993","89.23","88.76","89.26","88.53","","0.52%"
"05/06/1993","88.77","89.11","89.32","88.74","","-0.38%"
"05/05/1993","89.11","88.95","89.27","88.80","","0.12%"
"05/04/1993","89.00","89.36","89.38","88.82","","-0.36%"
"05/03/1993","89.32","89.49","89.90","89.29","","-0.19%"
"04/30/1993","89.49","89.29","89.73","89.15","","0.27%"
"04/29/1993","89.25","89.33","89.53","88.90","","-0.02%"
"04/28/1993","89.27","89.64","90.01","89.26","","-0.38%"
"04/27/1993","89.61","88.66","89.61","88.46","","1.24%"
"04/26/1993","88.51","89.30","89.31","88.37","","-0.97%"
"04/23/1993","89.38","89.81","90.10","89.11","","-0.45%"
"04/22/1993","89.78","90.32","90.74","89.78","","-0.60%"
"04/21/1993","90.32","90.18","90.68","90.00","","0.16%"
"04/20/1993","90.18","90.42","90.52","89.67","","-0.19%"
"04/19/1993","90.35","91.24","91.28","90.29","","-1.05%"
"04/16/1993","91.31","90.97","91.39","90.77","","0.40%"
"04/15/1993","90.95","90.51","91.02","90.44","","0.50%"
"04/14/1993","90.50","89.98","90.62","89.95","","0.59%"
"04/13/1993","89.97","90.67","90.85","89.84","","-0.77%"
"04/12/1993","90.67","91.00","91.23","90.56","","-0.60%"
"04/09/1993","91.22","91.25","91.37","91.18","","-0.04%"
"04/08/1993","91.26","91.92","92.04","91.13","","-0.76%"
"04/07/1993","91.96","91.78","92.10","91.56","","0.26%"
"04/06/1993","91.72","91.21","91.92","91.19","","0.56%"
"04/05/1993","91.21","91.34","91.61","91.13","","-0.18%"
"04/02/1993","91.37","91.15","92.06","90.78","","0.30%"
"04/01/1993","91.10","91.96","92.31","90.99","","-0.84%"
"03/31/1993","91.87","92.45","92.52","91.79","","-0.63%"
"03/30/1993","92.45","92.76","93.08","92.45","","-0.36%"
"03/29/1993","92.78","92.86","93.09","92.66","","-0.16%"
"03/26/1993","92.93","93.48","93.56","92.74","","-0.63%"
"03/25/1993","93.52","93.26","93.58","93.03","","0.25%"
"03/24/1993","93.29","92.74","93.38","92.55","","0.60%"
"03/23/1993","92.73","92.89","92.96","92.61","","-0.20%"
"03/22/1993","92.92","93.11","93.38","92.66","","0.03%"
"03/19/1993","92.89","93.18","93.31","92.54","","-0.31%"
"03/18/1993","93.18","94.22","94.46","93.10","","-1.10%"
"03/17/1993","94.22","94.27","94.43","94.09","","-0.08%"
"03/16/1993","94.30","94.41","94.56","94.00","","-0.22%"
"03/15/1993","94.51","94.59","94.77","94.40","","0.01%"
"03/12/1993","94.50","94.31","94.65","94.19","","0.15%"
"03/11/1993","94.36","94.33","94.80","94.18","","0.07%"
"03/10/1993","94.29","94.39","94.67","94.26","","-0.10%"
"03/09/1993","94.38","93.96","94.57","93.84","","0.38%"
"03/08/1993","94.02","94.31","94.44","93.83","","-0.30%"
"03/05/1993","94.30","93.12","94.49","93.06","","1.16%"
"03/04/1993","93.22","93.15","93.73","92.93","","-0.19%"
"03/03/1993","93.40","93.08","93.60","92.90","","0.17%"
"03/02/1993","93.24","93.48","94.23","93.23","","-1.00%"
"03/01/1993","94.18","94.09","94.40","93.75","","0.14%"
"02/26/1993","94.05","93.60","94.14","93.54","","0.57%"
"02/25/1993","93.52","93.47","93.78","93.18","","0.12%"
"02/24/1993","93.41","92.85","93.46","92.72","","0.54%"
"02/23/1993","92.91","92.68","93.14","92.43","","0.28%"
"02/22/1993","92.65","93.38","93.42","92.63","","-0.75%"
"02/19/1993","93.35","93.10","93.60","92.84","","0.16%"
"02/18/1993","93.20","93.00","94.39","92.91","","0.29%"
"02/17/1993","92.93","93.07","93.26","92.66","","-0.17%"
"02/16/1993","93.09","94.44","94.45","93.05","","-1.37%"
"02/15/1993","94.38","94.46","94.57","94.22","","0.14%"
"02/12/1993","94.25","94.25","94.46","93.61","","-0.07%"
"02/11/1993","94.32","94.51","94.59","94.07","","-0.17%"
"02/10/1993","94.48","93.94","94.48","93.60","","0.48%"
"02/09/1993","94.03","94.40","94.63","93.90","","-0.34%"
"02/08/1993","94.35","94.39","94.45","94.03","","-0.05%"
"02/05/1993","94.40","94.61","94.71","93.92","","-0.14%"
"02/04/1993","94.53","94.18","94.86","94.04","","0.31%"
"02/03/1993","94.24","93.91","94.60","93.60","","0.34%"
"02/02/1993","93.92","93.60","94.04","93.20","","0.38%"
"02/01/1993","93.56","92.47","93.73","92.42","","1.19%"
"01/29/1993","92.46","91.44","92.61","91.08","","1.29%"
"01/28/1993","91.28","91.35","91.45","90.78","","-0.09%"
"01/27/1993","91.36","90.62","91.38","90.59","","0.89%"
"01/26/1993","90.55","90.50","90.78","90.09","","0.09%"
"01/25/1993","90.47","91.38","91.44","90.23","","-1.03%"
"01/22/1993","91.41","92.24","92.31","91.35","","-0.91%"
"01/21/1993","92.25","91.63","92.45","91.47","","0.76%"
"01/20/1993","91.55","92.00","92.09","91.54","","-0.49%"
"01/19/1993","92.00","92.09","92.34","91.79","","-0.07%"
"01/18/1993","92.06","93.04","93.12","91.96","","-1.05%"
"01/15/1993","93.04","92.73","93.15","92.49","","0.41%"
"01/14/1993","92.66","92.51","92.79","92.35","","0.04%"
"01/13/1993","92.62","92.98","93.29","92.59","","-0.29%"
"01/12/1993","92.89","92.69","93.08","92.33","","0.22%"
"01/11/1993","92.69","93.23","93.39","92.37","","-0.81%"
"01/08/1993","93.45","93.16","93.75","93.04","","0.28%"
"01/07/1993","93.19","93.11","93.25","92.88","","0.13%"
"01/06/1993","93.07","92.65","93.24","92.37","","0.48%"
"01/05/1993","92.63","93.36","93.62","92.26","","-0.89%"
"01/04/1993","93.46","92.39","93.63","92.38","","1.19%"
"01/01/1993","92.36","92.17","92.43","91.94","","0.00%"
"12/31/1992","92.36","92.17","92.43","91.94","","0.21%"
"12/30/1992","92.17","92.13","92.33","91.87","","0.02%"
"12/29/1992","92.15","92.16","92.52","92.04","","-0.01%"
"12/28/1992","92.16","91.24","92.37","91.13","","1.12%"
"12/25/1992","91.14","91.14","91.18","91.04","","-0.04%"
"12/24/1992","91.18","91.04","91.23","90.77","","0.14%"
"12/23/1992","91.05","90.72","91.10","90.58","","0.33%"
"12/22/1992","90.75","89.83","90.86","89.82","","1.02%"
"12/21/1992","89.83","89.70","89.93","89.63","","0.17%"
"12/18/1992","89.68","89.41","90.02","89.35","","0.34%"
"12/17/1992","89.38","89.32","89.62","88.85","","0.06%"
"12/16/1992","89.33","89.82","89.86","89.10","","-0.50%"
"12/15/1992","89.78","89.87","90.05","89.63","","0.08%"
"12/14/1992","89.71","90.00","90.08","89.65","","-0.43%"
"12/11/1992","90.10","90.11","90.46","89.91","","-0.06%"
"12/10/1992","90.15","89.87","90.47","89.64","","0.29%"
"12/09/1992","89.89","89.20","89.97","89.10","","0.86%"
"12/08/1992","89.12","89.01","89.26","88.64","","0.17%"
"12/07/1992","88.97","90.69","90.71","88.84","","-1.79%"
"12/04/1992","90.59","90.15","90.77","89.77","","0.49%"
"12/03/1992","90.15","90.15","90.54","89.94","","0.13%"
"12/02/1992","90.03","90.16","90.54","89.85","","-0.12%"
"12/01/1992","90.14","90.89","91.21","89.86","","-0.77%"
"11/30/1992","90.84","91.13","91.55","90.82","","-0.30%"
"11/27/1992","91.11","91.12","91.48","91.06","","0.40%"
"11/26/1992","90.75","90.81","90.82","90.73","","0.38%"
"11/25/1992","90.41","90.68","90.88","90.31","","-0.30%"
"11/24/1992","90.68","90.79","91.31","90.64","","-0.21%"
"11/23/1992","90.87","91.29","91.46","90.77","","-0.27%"
"11/20/1992","91.12","89.67","91.29","89.42","","1.78%"
"11/19/1992","89.53","89.87","90.25","89.39","","-0.37%"
"11/18/1992","89.86","89.93","90.34","89.64","","-0.17%"
"11/17/1992","90.01","90.02","90.67","89.99","","-0.02%"
"11/16/1992","90.03","88.99","90.11","88.97","","1.19%"
"11/13/1992","88.97","89.35","89.45","88.65","","-0.53%"
"11/12/1992","89.44","89.62","89.91","89.36","","-0.20%"
"11/11/1992","89.62","89.77","90.16","89.51","","-0.21%"
"11/10/1992","89.81","90.32","90.44","89.78","","-0.42%"
"11/09/1992","90.19","89.87","90.34","89.42","","0.30%"
"11/06/1992","89.92","89.19","89.93","89.13","","0.80%"
"11/05/1992","89.21","88.56","89.36","88.38","","0.63%"
"11/04/1992","88.65","88.40","88.94","87.99","","0.11%"
"11/03/1992","88.55","88.65","89.13","88.05","","-0.33%"
"11/02/1992","88.84","87.71","88.92","87.70","","1.38%"
"10/30/1992","87.63","87.30","87.69","87.10","","0.34%"
"10/29/1992","87.33","87.51","87.81","87.18","","-0.38%"
"10/28/1992","87.66","86.92","87.93","86.72","","0.75%"
"10/27/1992","87.01","87.06","87.75","86.86","","-0.28%"
"10/26/1992","87.25","86.40","87.67","85.89","","0.52%"
"10/23/1992","86.80","85.96","87.17","85.57","","1.01%"
"10/22/1992","85.93","86.64","86.69","85.76","","-0.81%"
"10/21/1992","86.63","86.46","86.66","85.85","","0.20%"
"10/20/1992","86.46","85.58","86.72","85.55","","1.12%"
"10/19/1992","85.50","83.89","85.53","83.89","","1.11%"
"10/16/1992","84.56","83.74","84.71","83.60","","1.23%"
"10/15/1992","83.53","83.63","83.78","83.20","","-0.26%"
"10/14/1992","83.75","83.88","84.15","83.56","","-0.07%"
"10/13/1992","83.81","84.08","84.71","83.81","","-0.25%"
"10/12/1992","84.02","84.72","84.76","83.58","","-0.93%"
"10/09/1992","84.81","84.76","85.08","83.93","","-0.07%"
"10/08/1992","84.87","83.45","84.88","83.41","","1.91%"
"10/07/1992","83.28","82.54","83.46","82.25","","0.80%"
"10/06/1992","82.62","82.42","82.90","82.29","","0.27%"
"10/05/1992","82.40","81.50","82.48","81.08","","1.28%"
"10/02/1992","81.36","81.74","82.58","81.34","","-0.53%"
"10/01/1992","81.79","81.05","81.98","81.05","","0.85%"
"09/30/1992","81.10","80.99","81.71","80.58","","0.12%"
"09/29/1992","81.00","82.71","83.61","80.91","","-2.04%"
"09/28/1992","82.69","83.92","83.98","82.49","","-1.38%"
"09/25/1992","83.85","84.10","84.18","83.59","","-0.26%"
"09/24/1992","84.07","84.43","84.86","83.93","","-0.45%"
"09/23/1992","84.45","84.83","85.48","84.06","","-0.28%"
"09/22/1992","84.69","84.27","84.69","83.58","","0.32%"
"09/21/1992","84.42","84.09","84.98","83.85","","-0.50%"
"09/18/1992","84.84","83.74","84.99","83.71","","1.43%"
"09/17/1992","83.64","84.92","85.96","83.53","","-0.82%"
"09/16/1992","84.33","83.73","85.21","83.04","","1.13%"
"09/15/1992","83.39","82.65","83.39","82.17","","0.59%"
"09/14/1992","82.90","81.91","83.44","81.11","","2.18%"
"09/11/1992","81.13","80.12","81.31","79.74","","1.74%"
"09/10/1992","79.74","79.47","80.07","79.10","","0.35%"
"09/09/1992","79.46","78.47","79.46","78.45","","1.24%"
"09/08/1992","78.49","78.91","79.08","78.32","","-0.42%"
"09/07/1992","78.82","79.46","80.39","78.68","","0.00%"
"09/04/1992","78.82","79.46","80.39","78.68","","-0.73%"
"09/03/1992","79.40","78.60","79.51","78.48","","1.26%"
"09/02/1992","78.41","78.32","78.62","78.19","","0.10%"
"09/01/1992","78.33","78.84","78.94","78.31","","-0.70%"
"08/31/1992","78.88","79.11","79.28","78.77","","-0.37%"
"08/28/1992","79.17","79.35","79.37","78.99","","-0.18%"
"08/27/1992","79.31","79.23","79.65","79.22","","0.13%"
"08/26/1992","79.21","79.00","79.29","78.94","","0.43%"
"08/25/1992","78.87","78.95","79.24","78.67","","-0.09%"
"08/24/1992","78.94","80.12","80.17","78.75","","-1.52%"
"08/21/1992","80.16","80.97","81.39","80.06","","-0.94%"
"08/20/1992","80.92","81.23","81.59","80.88","","-0.33%"
"08/19/1992","81.19","81.36","81.55","81.16","","-0.17%"
"08/18/1992","81.33","81.63","81.64","81.31","","-0.31%"
"08/17/1992","81.58","81.71","82.12","81.44","","-0.10%"
"08/14/1992","81.66","81.37","81.88","81.33","","0.44%"
"08/13/1992","81.30","81.64","81.91","81.29","","-0.38%"
"08/12/1992","81.61","81.72","82.03","81.59","","-0.17%"
"08/11/1992","81.75","81.61","82.27","81.48","","0.17%"
"08/10/1992","81.61","81.71","81.94","81.56","","-0.05%"
"08/07/1992","81.65","82.16","82.35","81.52","","-0.61%"
"08/06/1992","82.15","82.33","82.57","82.13","","-0.18%"
"08/05/1992","82.30","82.05","82.46","82.00","","0.33%"
"08/04/1992","82.03","81.91","82.21","81.89","","0.16%"
"08/03/1992","81.90","81.94","82.17","81.78","","-0.01%"
"07/31/1992","81.91","82.02","82.25","81.86","","-0.09%"
"07/30/1992","81.98","82.27","82.81","81.98","","-0.29%"
"07/29/1992","82.22","81.89","82.57","81.71","","0.48%"
"07/28/1992","81.83","82.16","82.81","81.77","","-0.49%"
"07/27/1992","82.23","83.10","83.13","82.13","","-1.14%"
"07/24/1992","83.18","82.25","83.27","82.19","","1.02%"
"07/23/1992","82.34","82.41","82.58","82.18","","-0.12%"
"07/22/1992","82.44","82.26","82.79","82.12","","0.04%"
"07/21/1992","82.41","82.55","83.12","82.16","","-0.16%"
"07/20/1992","82.54","81.00","82.73","80.58","","1.85%"
"07/17/1992","81.04","81.99","82.06","80.98","","-0.87%"
"07/16/1992","81.75","82.22","82.50","81.61","","-0.39%"
"07/15/1992","82.07","82.29","82.39","81.91","","-0.13%"
"07/14/1992","82.18","81.78","82.47","81.77","","0.42%"
"07/13/1992","81.84","82.58","82.61","81.78","","-0.94%"
"07/10/1992","82.62","83.26","83.53","82.54","","-0.84%"
"07/09/1992","83.32","82.33","83.62","81.68","","1.21%"
"07/08/1992","82.32","82.14","82.72","81.68","","0.21%"
"07/07/1992","82.15","83.22","83.24","82.15","","-1.18%"
"07/06/1992","83.13","83.41","83.97","83.07","","0.04%"
"07/03/1992","83.10","83.10","83.74","82.60","","0.00%"
"07/02/1992","83.10","83.68","83.74","82.60","","-0.65%"
"07/01/1992","83.64","83.72","83.80","83.12","","-0.10%"
"06/30/1992","83.72","83.60","84.00","83.48","","0.12%"
"06/29/1992","83.62","84.18","84.27","83.24","","-0.61%"
"06/26/1992","84.13","84.22","84.58","84.03","","-0.18%"
"06/25/1992","84.28","84.83","85.01","84.12","","-0.73%"
"06/24/1992","84.90","85.67","85.67","84.80","","-0.78%"
"06/23/1992","85.57","85.52","85.68","85.24","","-0.01%"
"06/22/1992","85.58","85.95","86.13","85.54","","-0.38%"
"06/19/1992","85.91","85.71","85.96","85.60","","0.35%"
"06/18/1992","85.61","86.01","86.46","85.48","","-0.40%"
"06/17/1992","85.95","85.42","86.15","85.38","","0.60%"
"06/16/1992","85.44","85.72","86.09","85.42","","-0.33%"
"06/15/1992","85.72","85.98","86.05","85.58","","-0.29%"
"06/12/1992","85.97","85.99","86.17","85.68","","-0.05%"
"06/11/1992","86.01","86.67","86.76","85.91","","-0.89%"
"06/10/1992","86.78","86.70","87.05","86.63","","0.07%"
"06/09/1992","86.72","86.51","86.82","86.26","","0.17%"
"06/08/1992","86.57","86.57","86.80","86.49","","-0.01%"
"06/05/1992","86.58","86.78","86.92","86.34","","-0.57%"
"06/04/1992","87.08","87.31","87.51","86.96","","-0.21%"
"06/03/1992","87.26","87.63","87.81","87.17","","-0.09%"
"06/02/1992","87.34","87.22","87.79","87.13","","0.16%"
"06/01/1992","87.20","87.26","87.62","86.74","","-0.02%"
"05/29/1992","87.22","88.24","88.24","87.11","","-1.19%"
"05/28/1992","88.27","88.76","88.80","88.24","","-0.63%"
"05/27/1992","88.83","87.77","88.88","87.74","","1.35%"
"05/26/1992","87.65","87.79","87.84","87.39","","-0.28%"
"05/25/1992","87.90","87.89","88.16","87.70","","0.00%"
"05/22/1992","87.90","87.89","88.16","87.70","","-0.07%"
"05/21/1992","87.96","87.22","87.98","87.22","","0.79%"
"05/20/1992","87.27","86.87","87.35","86.84","","0.60%"
"05/19/1992","86.75","86.96","87.06","86.58","","-0.18%"
"05/18/1992","86.91","87.60","87.61","86.84","","-0.82%"
"05/15/1992","87.63","87.92","88.25","87.45","","-0.35%"
"05/14/1992","87.94","87.58","87.97","87.50","","0.39%"
"05/13/1992","87.60","88.30","88.38","87.57","","-0.78%"
"05/12/1992","88.29","89.16","89.17","88.20","","-0.96%"
"05/11/1992","89.15","89.41","89.53","89.15","","-0.27%"
"05/08/1992","89.39","88.87","89.60","88.75","","0.53%"
"05/07/1992","88.92","88.69","89.12","88.62","","0.28%"
"05/06/1992","88.67","89.03","89.18","88.55","","-0.42%"
"05/05/1992","89.04","89.44","89.59","89.02","","-0.46%"
"05/04/1992","89.45","89.19","89.55","89.15","","0.37%"
"05/01/1992","89.12","89.53","89.56","89.08","","-0.56%"
"04/30/1992","89.62","89.95","90.10","89.51","","-0.34%"
"04/29/1992","89.93","89.75","90.02","89.70","","0.20%"
"04/28/1992","89.75","89.80","90.11","89.69","","-0.03%"
"04/27/1992","89.78","89.93","90.13","89.62","","-0.01%"
"04/24/1992","89.79","90.15","90.15","89.56","","-0.54%"
"04/23/1992","90.28","90.21","90.49","90.03","","0.08%"
"04/22/1992","90.21","90.47","90.61","90.11","","-0.33%"
"04/21/1992","90.51","90.49","90.59","90.25","","0.00%"
"04/20/1992","90.51","90.61","90.78","90.33","","0.00%"
"04/17/1992","90.51","90.09","90.66","89.99","","0.00%"
"04/16/1992","90.51","90.09","90.66","89.99","","0.43%"
"04/15/1992","90.12","89.80","90.21","89.64","","0.35%"
"04/14/1992","89.81","89.60","89.83","89.34","","-0.10%"
"04/13/1992","89.90","89.29","89.95","89.27","","0.73%"
"04/10/1992","89.25","88.67","89.30","88.52","","0.87%"
"04/09/1992","88.48","88.98","89.39","88.43","","-0.56%"
"04/08/1992","88.98","88.87","89.13","88.67","","0.15%"
"04/07/1992","88.85","88.97","89.30","88.80","","-0.19%"
"04/06/1992","89.02","89.11","89.23","88.68","","-0.07%"
"04/03/1992","89.08","89.87","89.96","88.91","","-0.86%"
"04/02/1992","89.85","90.25","90.56","89.74","","-0.41%"
"04/01/1992","90.22","89.62","90.40","89.58","","0.64%"
"03/31/1992","89.65","89.83","89.98","89.54","","-0.18%"
"03/30/1992","89.81","89.63","90.17","89.54","","0.32%"
"03/27/1992","89.52","90.49","90.64","89.52","","-1.10%"
"03/26/1992","90.52","90.02","90.56","89.95","","0.58%"
"03/25/1992","90.00","90.51","90.58","89.91","","-0.60%"
"03/24/1992","90.54","90.60","90.91","90.42","","-0.15%"
"03/23/1992","90.68","91.01","91.24","90.54","","-0.29%"
"03/20/1992","90.94","90.92","91.53","90.83","","0.03%"
"03/19/1992","90.91","90.03","91.00","89.99","","1.02%"
"03/18/1992","89.99","89.86","90.21","89.72","","0.26%"
"03/17/1992","89.76","90.51","90.59","89.73","","-0.83%"
"03/16/1992","90.51","90.94","91.04","90.50","","-0.36%"
"03/13/1992","90.84","90.94","91.14","90.52","","0.01%"
"03/12/1992","90.83","90.37","91.23","90.35","","0.53%"
"03/11/1992","90.35","90.79","91.19","90.34","","-0.41%"
"03/10/1992","90.72","90.19","90.86","90.12","","0.51%"
"03/09/1992","90.26","90.42","90.57","90.17","","-0.24%"
"03/06/1992","90.48","90.65","90.84","90.01","","-0.23%"
"03/05/1992","90.69","90.53","91.13","90.48","","0.20%"
"03/04/1992","90.51","89.95","90.73","89.94","","0.60%"
"03/03/1992","89.97","89.19","90.12","89.17","","0.86%"
"03/02/1992","89.20","89.10","89.33","88.70","","0.24%"
"02/28/1992","88.99","88.89","89.06","88.67","","0.30%"
"02/27/1992","88.72","88.72","89.29","88.69","","-0.54%"
"02/26/1992","89.20","89.73","89.92","89.17","","-0.61%"
"02/25/1992","89.75","89.39","89.85","88.65","","0.35%"
"02/24/1992","89.44","89.74","89.78","89.24","","-0.23%"
"02/21/1992","89.65","89.43","89.72","89.19","","0.63%"
"02/20/1992","89.09","89.59","89.65","89.00","","0.04%"
"02/19/1992","89.05","89.18","89.34","88.96","","-0.01%"
"02/18/1992","89.06","89.22","89.35","88.95","","1.09%"
"02/17/1992","88.10","88.11","88.12","88.10","","-0.25%"
"02/14/1992","88.32","88.21","88.56","87.77","","0.05%"
"02/13/1992","88.28","87.32","88.38","87.31","","0.89%"
"02/12/1992","87.50","87.17","87.64","87.10","","0.66%"
"02/11/1992","86.93","86.68","87.08","86.46","","0.96%"
"02/10/1992","86.10","85.67","86.22","85.47","","0.95%"
"02/07/1992","85.29","86.22","86.25","85.23","","-0.94%"
"02/06/1992","86.10","86.00","86.30","85.90","","-0.17%"
"02/05/1992","86.25","86.33","86.62","86.16","","-0.52%"
"02/04/1992","86.70","86.89","86.97","86.54","","-0.44%"
"02/03/1992","87.08","87.14","87.25","86.79","","-0.47%"
"01/31/1992","87.49","87.43","87.77","86.91","","-0.10%"
"01/30/1992","87.58","87.06","87.96","86.73","","0.69%"
"01/29/1992","86.98","86.45","87.10","86.18","","-0.08%"
"01/28/1992","87.05","87.27","87.36","86.71","","-0.41%"
"01/27/1992","87.41","87.11","87.62","86.99","","1.20%"
"01/24/1992","86.37","87.32","87.34","85.77","","-0.66%"
"01/23/1992","86.94","86.32","87.29","86.17","","0.79%"
"01/22/1992","86.26","85.96","86.45","85.85","","0.13%"
"01/21/1992","86.15","86.18","86.45","85.74","","-0.14%"
"01/20/1992","86.27","86.17","86.59","86.15","","-0.14%"
"01/17/1992","86.39","88.19","88.55","86.34","","-1.64%"
"01/16/1992","87.83","87.72","88.27","87.64","","-0.40%"
"01/15/1992","88.18","87.93","88.68","87.84","","1.74%"
"01/14/1992","86.67","85.74","86.87","85.55","","0.57%"
"01/13/1992","86.18","86.01","86.26","85.90","","-0.38%"
"01/10/1992","86.51","85.33","86.59","85.29","","1.39%"
"01/09/1992","85.32","83.70","85.62","83.64","","2.89%"
"01/08/1992","82.92","83.14","83.50","82.88","","0.10%"
"01/07/1992","82.84","83.15","83.56","82.80","","-0.40%"
"01/06/1992","83.17","83.66","83.73","83.08","","-1.48%"
"01/03/1992","84.42","84.37","84.70","84.18","","0.70%"
"01/02/1992","83.83","83.35","84.06","83.12","","0.37%"
"01/01/1992","83.52","83.52","83.69","83.45","","0.00%"
"12/31/1991","83.52","83.52","83.69","83.45","","-0.26%"
"12/30/1991","83.74","83.62","83.74","83.48","","0.14%"
"12/27/1991","83.62","83.55","83.79","83.46","","0.37%"
"12/26/1991","83.31","83.43","83.49","83.28","","-0.68%"
"12/25/1991","83.88","83.83","84.02","83.78","","0.00%"
"12/24/1991","83.88","83.83","84.02","83.78","","0.19%"
"12/23/1991","83.72","83.76","83.85","83.21","","-0.88%"
"12/20/1991","84.46","85.38","85.49","84.25","","-1.19%"
"12/19/1991","85.48","85.51","85.76","85.39","","-0.37%"
"12/18/1991","85.80","85.76","86.04","85.74","","-0.26%"
"12/17/1991","86.02","85.87","86.15","85.69","","-0.09%"
"12/16/1991","86.10","86.22","86.28","85.98","","-0.60%"
"12/13/1991","86.62","86.61","86.66","86.21","","0.16%"
"12/12/1991","86.48","86.06","86.51","86.02","","0.26%"
"12/11/1991","86.26","86.76","86.84","86.16","","0.01%"
"12/10/1991","86.25","86.17","86.57","85.95","","0.28%"
"12/09/1991","86.01","86.06","86.09","85.78","","0.30%"
"12/06/1991","85.75","86.59","86.64","85.75","","-1.02%"
"12/05/1991","86.63","86.97","87.14","86.57","","-0.55%"
"12/04/1991","87.11","87.45","87.87","87.08","","-0.46%"
"12/03/1991","87.51","87.71","87.87","87.51","","-0.26%"
"12/02/1991","87.74","87.54","87.81","87.38","","-0.51%"
"11/29/1991","88.19","88.47","88.53","88.12","","0.38%"
"11/28/1991","87.86","87.86","87.86","87.86","","0.02%"
"11/27/1991","87.84","87.61","88.05","87.57","","0.27%"
"11/26/1991","87.60","86.87","88.13","86.26","","1.10%"
"11/25/1991","86.65","86.32","86.71","86.29","","0.02%"
"11/22/1991","86.63","86.73","86.82","86.37","","-0.55%"
"11/21/1991","87.11","87.30","87.36","86.89","","-0.13%"
"11/20/1991","87.22","87.25","87.43","87.08","","0.40%"
"11/19/1991","86.87","87.28","87.41","86.75","","-0.66%"
"11/18/1991","87.45","87.04","87.56","86.97","","-0.47%"
"11/15/1991","87.86","88.38","88.70","87.85","","-0.45%"
"11/14/1991","88.26","88.40","88.43","88.15","","-0.32%"
"11/13/1991","88.54","88.56","88.86","88.34","","-0.18%"
"11/12/1991","88.70","88.38","88.73","88.28","","0.07%"
"11/11/1991","88.64","88.99","89.02","88.63","","-0.30%"
"11/08/1991","88.91","89.01","89.06","88.61","","0.23%"
"11/07/1991","88.71","88.39","88.71","87.99","","0.15%"
"11/06/1991","88.58","88.46","88.75","88.18","","0.05%"
"11/05/1991","88.54","88.63","88.80","88.34","","0.11%"
"11/04/1991","88.44","88.42","88.47","87.96","","-0.29%"
"11/01/1991","88.70","89.72","89.76","88.68","","-1.37%"
"10/31/1991","89.93","90.07","90.14","89.66","","0.04%"
"10/30/1991","89.89","90.25","90.54","89.75","","-0.65%"
"10/29/1991","90.48","91.58","91.78","90.26","","-1.53%"
"10/28/1991","91.89","91.55","92.03","91.41","","0.83%"
"10/25/1991","91.13","91.12","91.23","90.97","","0.05%"
"10/24/1991","91.08","91.20","91.24","90.87","","-0.59%"
"10/23/1991","91.62","91.38","91.68","91.29","","0.65%"
"10/22/1991","91.03","90.99","91.13","90.80","","0.32%"
"10/21/1991","90.74","90.43","90.83","90.38","","0.34%"
"10/18/1991","90.43","90.79","90.81","90.35","","-0.35%"
"10/17/1991","90.75","91.02","91.27","90.67","","-0.56%"
"10/16/1991","91.26","91.16","91.33","90.96","","-0.28%"
"10/15/1991","91.52","91.31","91.59","91.22","","0.69%"
"10/14/1991","90.89","90.63","90.92","90.62","","0.43%"
"10/11/1991","90.50","90.74","91.15","90.44","","-0.34%"
"10/10/1991","90.81","90.29","91.05","90.22","","0.23%"
"10/09/1991","90.60","91.20","91.29","90.42","","-0.38%"
"10/08/1991","90.95","90.51","91.24","90.34","","0.92%"
"10/07/1991","90.12","90.06","90.21","90.00","","0.07%"
"10/04/1991","90.06","89.50","90.39","89.39","","0.60%"
"10/03/1991","89.52","89.51","89.72","89.43","","-0.37%"
"10/02/1991","89.85","89.63","89.95","89.53","","-0.19%"
"10/01/1991","90.02","90.01","90.09","89.85","","0.13%"
"09/30/1991","89.90","89.77","89.93","89.65","","-0.24%"
"09/27/1991","90.12","90.77","90.88","90.04","","-0.78%"
"09/26/1991","90.83","90.57","90.91","90.32","","0.31%"
"09/25/1991","90.55","90.44","90.70","90.37","","-0.33%"
"09/24/1991","90.85","90.24","90.86","89.76","","0.87%"
"09/23/1991","90.07","90.21","90.30","89.96","","-0.78%"
"09/20/1991","90.78","91.30","91.34","90.69","","-0.19%"
"09/19/1991","90.95","90.81","91.13","90.70","","0.13%"
"09/18/1991","90.83","90.84","91.21","90.62","","0.71%"
"09/17/1991","90.19","90.14","90.41","89.99","","-0.17%"
"09/16/1991","90.34","90.82","90.86","90.19","","-0.48%"
"09/13/1991","90.78","90.96","91.28","90.50","","0.01%"
"09/12/1991","90.77","90.99","91.04","90.45","","-0.20%"
"09/11/1991","90.95","91.29","91.52","90.92","","-0.24%"
"09/10/1991","91.17","91.14","91.35","90.97","","0.07%"
"09/09/1991","91.11","91.62","91.74","91.00","","-1.09%"
"09/06/1991","92.11","92.97","93.17","92.10","","-0.96%"
"09/05/1991","93.00","93.00","93.13","92.96","","0.09%"
"09/04/1991","92.92","92.89","93.05","92.76","","-0.05%"
"09/03/1991","92.97","93.18","93.31","92.91","","-0.56%"
"09/02/1991","93.49","93.30","93.77","93.07","","0.00%"
"08/30/1991","93.49","93.30","93.77","93.07","","0.13%"
"08/29/1991","93.37","92.99","93.54","92.75","","0.25%"
"08/28/1991","93.14","93.83","93.92","92.97","","-0.49%"
"08/27/1991","93.60","93.67","93.70","93.44","","0.11%"
"08/26/1991","93.50","93.72","93.79","93.46","","-0.10%"
"08/23/1991","93.59","92.92","93.83","92.84","","0.74%"
"08/22/1991","92.90","93.30","93.42","92.65","","-0.35%"
"08/21/1991","93.23","94.43","94.58","93.05","","-2.34%"
"08/20/1991","95.46","95.68","96.02","95.20","","-1.04%"
"08/19/1991","96.46","96.44","96.56","96.06","","2.20%"
"08/16/1991","94.38","93.82","94.41","93.61","","0.68%"
"08/15/1991","93.74","93.04","93.81","92.59","","0.58%"
"08/14/1991","93.20","93.27","93.37","93.03","","0.25%"
"08/13/1991","92.97","92.74","93.03","92.71","","0.29%"
"08/12/1991","92.70","92.79","93.12","92.59","","-0.17%"
"08/09/1991","92.86","92.41","92.95","92.09","","0.61%"
"08/08/1991","92.30","92.19","92.65","91.97","","0.32%"
"08/07/1991","92.01","92.22","92.48","91.93","","0.14%"
"08/06/1991","91.88","92.08","92.32","91.85","","-0.50%"
"08/05/1991","92.34","93.15","93.24","92.32","","-1.09%"
"08/02/1991","93.36","94.42","94.48","93.02","","-0.66%"
"08/01/1991","93.98","93.62","94.19","93.59","","0.52%"
"07/31/1991","93.49","93.65","93.78","93.35","","-0.54%"
"07/30/1991","94.00","93.62","94.03","93.39","","0.27%"
"07/29/1991","93.75","93.67","93.99","93.60","","0.25%"
"07/26/1991","93.52","93.67","93.73","93.03","","-0.71%"
"07/25/1991","94.19","93.60","94.41","93.45","","1.03%"
"07/24/1991","93.23","93.04","93.70","92.89","","-0.82%"
"07/23/1991","94.00","94.31","94.34","93.77","","-0.18%"
"07/22/1991","94.17","93.89","94.25","93.75","","0.74%"
"07/19/1991","93.48","93.88","94.10","93.45","","-1.25%"
"07/18/1991","94.66","94.43","94.75","94.20","","-0.61%"
"07/17/1991","95.24","95.54","95.57","95.04","","-0.36%"
"07/16/1991","95.58","95.25","95.66","95.23","","0.39%"
"07/15/1991","95.21","95.42","95.49","94.99","","0.16%"
"07/12/1991","95.06","96.55","96.58","94.92","","-2.18%"
"07/11/1991","97.18","96.23","97.27","96.15","","0.86%"
"07/10/1991","96.35","96.68","96.73","96.16","","-0.13%"
"07/09/1991","96.48","96.33","96.52","96.26","","0.47%"
"07/08/1991","96.03","96.22","96.38","95.95","","-0.70%"
"07/05/1991","96.71","97.11","97.20","96.65","","-0.37%"
"07/04/1991","97.07","97.07","97.13","96.59","","0.00%"
"07/03/1991","97.07","97.07","97.13","96.59","","-0.08%"
"07/02/1991","97.15","96.85","97.32","96.73","","0.35%"
"07/01/1991","96.81","96.07","96.84","95.94","","0.78%"
"06/28/1991","96.06","96.20","96.29","95.87","","0.58%"
"06/27/1991","95.51","95.75","95.86","95.32","","0.22%"
"06/26/1991","95.30","95.58","95.64","95.05","","-0.26%"
"06/25/1991","95.55","95.61","95.89","95.42","","0.53%"
"06/24/1991","95.05","95.72","95.83","94.97","","-0.79%"
"06/21/1991","95.81","95.66","96.03","95.66","","0.44%"
"06/20/1991","95.39","95.54","95.73","95.21","","-0.17%"
"06/19/1991","95.55","96.47","96.49","95.44","","-1.22%"
"06/18/1991","96.73","96.64","96.75","96.32","","0.99%"
"06/17/1991","95.78","96.02","96.16","95.75","","-0.01%"
"06/14/1991","95.79","96.06","96.12","95.36","","-0.13%"
"06/13/1991","95.91","96.10","96.35","95.55","","0.37%"
"06/12/1991","95.56","95.16","95.73","95.10","","0.74%"
"06/11/1991","94.86","94.73","94.90","94.57","","0.32%"
"06/10/1991","94.56","94.70","94.79","94.50","","0.00%"
"06/07/1991","94.56","94.01","94.71","93.94","","0.92%"
"06/06/1991","93.70","93.57","93.86","93.52","","0.24%"
"06/05/1991","93.48","93.58","93.84","93.30","","0.20%"
"06/04/1991","93.29","93.58","93.66","93.02","","-0.16%"
"06/03/1991","93.44","93.73","93.82","93.28","","0.33%"
"05/31/1991","93.13","92.47","93.20","92.39","","1.03%"
"05/30/1991","92.18","91.94","92.37","91.68","","0.17%"
"05/29/1991","92.02","91.21","92.15","91.05","","0.94%"
"05/28/1991","91.16","91.89","91.95","91.11","","-0.63%"
"05/27/1991","91.74","91.68","91.98","91.66","","0.00%"
"05/24/1991","91.74","91.68","91.98","91.66","","-0.17%"
"05/23/1991","91.90","92.59","92.71","91.83","","-0.39%"
"05/22/1991","92.26","92.01","92.39","91.93","","0.48%"
"05/21/1991","91.82","91.96","92.16","91.68","","-0.97%"
"05/20/1991","92.72","92.98","93.18","92.47","","-0.25%"
"05/17/1991","92.95","91.56","93.01","91.30","","1.97%"
"05/16/1991","91.15","91.02","91.30","90.89","","0.40%"
"05/15/1991","90.79","91.27","91.28","90.74","","-0.55%"
"05/14/1991","91.29","92.07","92.37","91.14","","-0.78%"
"05/13/1991","92.01","92.42","92.49","91.78","","-0.40%"
"05/10/1991","92.38","92.75","92.90","92.26","","-0.14%"
"05/09/1991","92.51","93.03","93.30","92.48","","-0.10%"
"05/08/1991","92.60","92.64","92.74","92.44","","0.58%"
"05/07/1991","92.07","92.44","92.67","92.02","","-0.67%"
"05/06/1991","92.69","93.18","93.40","92.47","","-0.80%"
"05/03/1991","93.44","91.93","93.58","91.88","","1.27%"
"05/02/1991","92.27","92.53","92.64","92.16","","0.39%"
"05/01/1991","91.91","91.17","92.11","91.07","","0.40%"
"04/30/1991","91.54","92.60","92.72","91.46","","-1.90%"
"04/29/1991","93.31","94.21","94.46","93.21","","-0.16%"
"04/26/1991","93.46","93.38","93.63","93.19","","0.21%"
"04/25/1991","93.26","93.64","93.79","93.15","","0.12%"
"04/24/1991","93.15","92.66","93.56","92.60","","0.24%"
"04/23/1991","92.93","93.56","93.74","92.82","","-0.94%"
"04/22/1991","93.81","93.82","94.12","93.44","","1.19%"
"04/19/1991","92.71","92.17","92.78","91.80","","1.54%"
"04/18/1991","91.30","90.58","91.45","90.19","","1.63%"
"04/17/1991","89.84","89.66","90.07","89.60","","0.30%"
"04/16/1991","89.57","89.45","89.85","89.34","","-0.08%"
"04/15/1991","89.64","90.02","90.12","89.47","","-0.80%"
"04/12/1991","90.36","89.90","90.67","89.69","","0.47%"
"04/11/1991","89.94","90.37","90.62","89.62","","-0.64%"
"04/10/1991","90.52","89.81","90.77","89.77","","1.00%"
"04/09/1991","89.62","90.31","90.41","89.60","","-1.46%"
"04/08/1991","90.95","90.70","90.98","90.61","","0.35%"
"04/05/1991","90.63","89.91","90.68","89.29","","0.79%"
"04/04/1991","89.92","90.53","90.54","89.56","","-0.60%"
"04/03/1991","90.46","90.31","90.52","89.96","","0.12%"
"04/02/1991","90.35","91.30","91.44","90.09","","-0.51%"
"04/01/1991","90.81","91.32","91.50","90.53","","-1.31%"
"03/29/1991","92.02","92.35","92.46","91.90","","0.00%"
"03/28/1991","92.02","92.35","92.46","91.90","","0.16%"
"03/27/1991","91.87","91.97","92.26","91.44","","0.91%"
"03/26/1991","91.04","91.20","91.56","91.00","","-0.04%"
"03/25/1991","91.08","90.56","91.13","90.24","","1.80%"
"03/22/1991","89.47","89.42","89.64","89.08","","0.68%"
"03/21/1991","88.87","88.89","89.25","88.73","","-0.60%"
"03/20/1991","89.41","90.24","90.40","89.32","","-0.26%"
"03/19/1991","89.64","88.99","90.62","88.66","","0.82%"
"03/18/1991","88.91","88.32","89.20","88.27","","1.15%"
"03/15/1991","87.90","86.94","88.03","86.87","","1.36%"
"03/14/1991","86.72","86.38","86.86","86.30","","0.43%"
"03/13/1991","86.35","86.47","86.72","86.25","","0.16%"
"03/12/1991","86.21","86.15","86.51","86.10","","-0.79%"
"03/11/1991","86.90","86.49","87.09","86.45","","0.68%"
"03/08/1991","86.31","85.75","86.34","85.62","","1.26%"
"03/07/1991","85.24","85.16","85.41","85.06","","0.35%"
"03/06/1991","84.94","85.23","85.55","84.93","","-0.13%"
"03/05/1991","85.05","84.42","85.13","84.23","","0.40%"
"03/04/1991","84.71","84.85","84.95","84.64","","-0.15%"
"03/01/1991","84.84","84.71","84.84","84.42","","0.90%"
"02/28/1991","84.08","83.80","84.23","83.73","","0.25%"
"02/27/1991","83.87","83.93","84.05","83.63","","-0.07%"
"02/26/1991","83.93","84.07","84.23","83.77","","0.08%"
"02/25/1991","83.86","83.52","83.99","83.43","","0.88%"
"02/22/1991","83.13","82.50","83.19","82.42","","0.79%"
"02/21/1991","82.48","82.45","82.66","82.24","","-0.23%"
"02/20/1991","82.67","82.53","82.87","82.46","","0.07%"
"02/19/1991","82.61","82.47","82.72","82.25","","0.84%"
"02/18/1991","81.92","81.80","82.04","81.64","","0.00%"
"02/15/1991","81.92","81.80","82.04","81.64","","0.66%"
"02/14/1991","81.38","81.28","81.54","81.16","","0.18%"
"02/13/1991","81.23","80.91","81.35","80.79","","0.42%"
"02/12/1991","80.89","80.87","80.91","80.65","","0.50%"
"02/11/1991","80.49","80.79","80.82","80.34","","-0.43%"
"02/08/1991","80.84","80.95","81.09","80.81","","-0.06%"
"02/07/1991","80.89","80.75","80.90","80.47","","0.46%"
"02/06/1991","80.52","80.86","81.04","80.48","","-0.63%"
"02/05/1991","81.03","81.32","81.42","81.01","","-0.43%"
"02/04/1991","81.38","81.20","81.77","81.13","","-0.32%"
"02/01/1991","81.64","82.18","82.18","81.55","","-0.44%"
"01/31/1991","82.00","82.24","82.40","81.91","","-0.58%"
"01/30/1991","82.48","82.62","82.93","82.30","","-0.29%"
"01/29/1991","82.72","82.16","82.77","82.14","","0.40%"
"01/28/1991","82.39","82.46","82.55","82.35","","-0.41%"
"01/25/1991","82.73","82.26","82.76","82.21","","0.38%"
"01/24/1991","82.42","82.25","82.50","82.08","","0.24%"
"01/23/1991","82.22","82.89","82.96","82.21","","-0.69%"
"01/22/1991","82.79","82.36","82.91","82.28","","0.41%"
"01/21/1991","82.45","82.97","83.01","82.43","","-0.39%"
"01/18/1991","82.77","83.69","83.73","82.76","","-0.72%"
"01/17/1991","83.37","83.90","84.08","83.26","","-2.04%"
"01/16/1991","85.11","84.95","85.17","84.90","","0.31%"
"01/15/1991","84.85","84.75","85.03","84.75","","0.02%"
"01/14/1991","84.83","85.16","85.22","84.64","","0.64%"
"01/11/1991","84.29","84.53","84.63","84.24","","0.12%"
"01/10/1991","84.19","84.29","84.56","84.19","","-0.40%"
"01/09/1991","84.53","84.02","84.65","83.60","","-0.49%"
"01/08/1991","84.95","84.76","84.96","84.53","","0.33%"
"01/07/1991","84.67","84.87","85.11","84.54","","1.57%"
"01/04/1991","83.36","82.67","83.52","82.60","","0.66%"
"01/03/1991","82.81","82.89","82.93","82.68","","0.02%"
"01/02/1991","82.79","82.93","83.08","82.66","","-0.34%"
"01/01/1991","83.07","83.37","83.43","83.01","","0.00%"
"12/31/1990","83.07","83.37","83.43","83.01","","-0.23%"
"12/28/1990","83.26","83.92","83.98","83.19","","-1.73%"
"12/27/1990","84.73","84.90","84.94","84.72","","-0.36%"
"12/26/1990","85.04","84.95","85.06","84.78","","0.39%"
"12/25/1990","84.71","85.05","85.39","84.71","","0.00%"
"12/24/1990","84.71","85.05","85.39","84.71","","0.01%"
"12/21/1990","84.70","84.18","84.88","84.08","","0.97%"
"12/20/1990","83.89","83.21","83.96","83.13","","1.56%"
"12/19/1990","82.60","82.55","82.71","82.53","","0.32%"
"12/18/1990","82.34","82.83","82.84","82.32","","-0.53%"
"12/17/1990","82.78","82.79","82.92","82.73","","0.27%"
"12/14/1990","82.56","82.55","82.82","82.45","","0.30%"
"12/13/1990","82.31","82.05","82.41","82.04","","0.22%"
"12/12/1990","82.13","82.08","82.33","82.04","","-0.24%"
"12/11/1990","82.33","82.05","82.43","81.86","","0.28%"
"12/10/1990","82.10","81.81","82.15","81.73","","0.21%"
"12/07/1990","81.93","82.49","82.51","81.86","","-0.94%"
"12/06/1990","82.71","82.78","82.97","82.49","","-0.60%"
"12/05/1990","83.21","83.04","83.47","83.00","","-0.04%"
"12/04/1990","83.24","83.39","83.49","83.06","","-0.68%"
"12/03/1990","83.81","83.52","83.89","83.43","","1.06%"
"11/30/1990","82.93","83.22","83.34","82.91","","-0.40%"
"11/29/1990","83.26","82.24","83.30","82.17","","1.25%"
"11/28/1990","82.23","81.77","82.24","81.71","","0.64%"
"11/27/1990","81.71","82.10","82.10","81.59","","-0.48%"
"11/26/1990","82.10","82.18","82.31","82.05","","0.28%"
"11/23/1990","81.87","81.77","81.95","81.75","","0.44%"
"11/22/1990","81.51","81.57","81.74","81.50","","0.00%"
"11/21/1990","81.51","81.57","81.74","81.50","","-0.13%"
"11/20/1990","81.62","81.65","81.74","81.56","","0.07%"
"11/19/1990","81.56","81.35","81.70","81.27","","-0.04%"
"11/16/1990","81.59","81.91","81.94","81.44","","-0.31%"
"11/15/1990","81.84","81.74","81.92","81.67","","0.26%"
"11/14/1990","81.63","81.79","81.85","81.60","","-0.27%"
"11/13/1990","81.85","81.85","81.92","81.65","","0.17%"
"11/12/1990","81.71","81.71","81.91","81.69","","-0.50%"
"11/09/1990","82.12","82.32","82.33","82.00","","-0.02%"
"11/08/1990","82.14","82.49","82.52","82.00","","0.12%"
"11/07/1990","82.04","81.80","82.07","81.48","","-0.09%"
"11/06/1990","82.11","81.97","82.12","81.61","","0.49%"
"11/05/1990","81.71","82.05","82.25","81.61","","-0.67%"
"11/02/1990","82.26","82.44","82.81","82.21","","-0.68%"
"11/01/1990","82.82","83.51","83.62","82.72","","-0.55%"
"10/31/1990","83.28","83.29","83.35","83.06","","0.43%"
"10/30/1990","82.92","83.28","83.69","82.83","","-0.38%"
"10/29/1990","83.24","82.77","83.29","82.72","","0.43%"
"10/26/1990","82.88","82.89","83.06","82.76","","-0.19%"
"10/25/1990","83.04","82.52","83.08","82.44","","0.68%"
"10/24/1990","82.48","83.14","83.20","82.40","","-0.71%"
"10/23/1990","83.07","83.06","83.21","82.82","","0.13%"
"10/22/1990","82.96","82.50","83.13","82.48","","0.80%"
"10/19/1990","82.30","82.48","82.80","82.19","","0.41%"
"10/18/1990","81.96","82.51","82.78","81.92","","-0.73%"
"10/17/1990","82.56","82.20","82.72","82.17","","-0.04%"
"10/16/1990","82.59","83.45","83.48","82.50","","-0.79%"
"10/15/1990","83.25","83.20","83.30","83.02","","0.11%"
"10/12/1990","83.16","82.97","83.18","82.81","","0.45%"
"10/11/1990","82.79","83.57","83.73","82.75","","-0.60%"
"10/10/1990","83.29","83.36","83.46","83.22","","0.10%"
"10/09/1990","83.21","83.40","83.48","83.17","","-0.47%"
"10/08/1990","83.60","83.60","83.75","83.54","","-0.81%"
"10/05/1990","84.28","84.14","84.68","83.90","","0.18%"
"10/04/1990","84.13","84.23","84.37","84.12","","-0.68%"
"10/03/1990","84.71","85.13","85.15","84.63","","-0.46%"
"10/02/1990","85.10","85.50","85.52","85.09","","-0.39%"
"10/01/1990","85.43","85.16","85.51","85.06","","-0.66%"
"09/28/1990","86.00","85.95","86.02","85.78","","0.33%"
"09/27/1990","85.72","85.96","86.20","85.63","","-0.06%"
"09/26/1990","85.77","86.05","86.14","85.72","","-0.19%"
"09/25/1990","85.93","85.35","86.01","85.28","","0.53%"
"09/24/1990","85.48","85.54","85.76","85.30","","-0.96%"
"09/21/1990","86.31","86.27","86.33","86.06","","0.13%"
"09/20/1990","86.20","86.03","86.45","85.94","","0.26%"
"09/19/1990","85.98","85.27","86.06","85.18","","0.87%"
"09/18/1990","85.24","85.18","85.26","84.74","","0.42%"
"09/17/1990","84.88","85.26","85.35","84.87","","-0.98%"
"09/14/1990","85.72","85.78","85.98","85.32","","-0.08%"
"09/13/1990","85.79","86.99","87.07","85.75","","-1.32%"
"09/12/1990","86.94","86.51","86.96","86.48","","0.05%"
"09/11/1990","86.90","87.32","87.39","86.87","","0.17%"
"09/10/1990","86.75","86.35","86.83","86.35","","0.81%"
"09/07/1990","86.05","85.77","86.12","85.72","","0.68%"
"09/06/1990","85.47","85.49","85.80","85.42","","-0.30%"
"09/05/1990","85.73","85.98","86.16","85.67","","-1.21%"
"09/04/1990","86.78","86.61","87.02","86.53","","0.25%"
"09/03/1990","86.56","86.23","86.64","86.07","","0.00%"
"08/31/1990","86.56","86.23","86.64","86.07","","0.74%"
"08/30/1990","85.92","86.09","86.22","85.86","","0.41%"
"08/29/1990","85.57","85.24","85.61","85.17","","0.20%"
"08/28/1990","85.40","85.01","85.43","85.01","","0.16%"
"08/27/1990","85.26","84.96","85.51","84.90","","-0.47%"
"08/24/1990","85.66","85.54","85.81","85.22","","0.66%"
"08/23/1990","85.10","85.11","85.33","85.01","","-1.01%"
"08/22/1990","85.97","85.83","85.97","85.51","","-0.23%"
"08/21/1990","86.17","86.36","86.41","85.78","","-0.02%"
"08/20/1990","86.19","85.80","86.24","85.80","","0.72%"
"08/17/1990","85.57","85.90","86.07","85.54","","-0.30%"
"08/16/1990","85.83","86.30","86.44","85.81","","-0.50%"
"08/15/1990","86.26","86.00","86.36","85.84","","-0.14%"
"08/14/1990","86.38","86.98","87.06","86.33","","-0.72%"
"08/13/1990","87.01","87.05","87.06","86.86","","-0.65%"
"08/10/1990","87.58","87.90","87.94","87.49","","-0.13%"
"08/09/1990","87.69","87.66","87.76","87.55","","0.11%"
"08/08/1990","87.59","87.87","88.08","87.51","","0.08%"
"08/07/1990","87.52","87.05","87.55","86.99","","0.46%"
"08/06/1990","87.12","87.20","87.20","86.72","","-0.49%"
"08/03/1990","87.55","87.63","87.97","87.31","","-0.21%"
"08/02/1990","87.73","89.05","89.08","87.42","","0.35%"
"08/01/1990","87.42","87.40","87.64","87.32","","0.29%"
"07/31/1990","87.17","87.56","87.65","87.14","","-1.09%"
"07/30/1990","88.13","88.31","88.32","88.04","","-0.34%"
"07/27/1990","88.43","89.03","89.04","88.40","","-0.80%"
"07/26/1990","89.14","89.15","89.32","88.94","","-0.02%"
"07/25/1990","89.16","89.14","89.21","88.79","","0.35%"
"07/24/1990","88.85","89.07","89.12","88.63","","-0.05%"
"07/23/1990","88.89","89.55","89.57","88.86","","-0.73%"
"07/20/1990","89.54","89.73","89.81","89.52","","-0.09%"
"07/19/1990","89.62","89.76","89.82","89.58","","-0.24%"
"07/18/1990","89.84","89.56","89.90","89.34","","0.16%"
"07/17/1990","89.70","90.00","90.14","89.66","","-0.64%"
"07/16/1990","90.28","90.22","90.28","89.98","","0.26%"
"07/13/1990","90.05","89.75","90.11","89.55","","0.75%"
"07/12/1990","89.38","90.55","90.63","89.34","","-0.89%"
"07/11/1990","90.18","89.87","90.20","89.87","","0.67%"
"07/10/1990","89.58","89.72","89.95","89.56","","-0.76%"
"07/09/1990","90.27","90.33","90.33","90.02","","-0.28%"
"07/06/1990","90.52","90.50","90.70","90.37","","0.08%"
"07/05/1990","90.45","90.35","90.60","90.24","","0.04%"
"07/04/1990","90.41","90.73","90.77","90.27","","0.00%"
"07/03/1990","90.41","90.73","90.77","90.27","","-0.20%"
"07/02/1990","90.59","90.75","90.85","90.49","","-0.61%"
"06/29/1990","91.15","91.54","91.54","91.13","","-0.57%"
"06/28/1990","91.67","91.60","91.71","91.44","","0.25%"
"06/27/1990","91.44","91.44","91.54","91.30","","-0.09%"
"06/26/1990","91.52","92.09","92.21","91.37","","-0.71%"
"06/25/1990","92.17","92.12","92.26","91.99","","0.20%"
"06/22/1990","91.99","92.15","92.21","91.91","","-0.11%"
"06/21/1990","92.09","92.25","92.31","92.03","","0.01%"
"06/20/1990","92.08","92.06","92.30","92.03","","0.33%"
"06/19/1990","91.78","92.09","92.25","91.74","","-0.37%"
"06/18/1990","92.12","92.58","92.61","92.01","","-0.50%"
"06/15/1990","92.58","92.84","93.17","92.44","","-0.26%"
"06/14/1990","92.82","92.40","92.84","92.34","","0.32%"
"06/13/1990","92.52","92.82","92.83","92.50","","-0.44%"
"06/12/1990","92.93","92.77","92.98","92.69","","0.01%"
"06/11/1990","92.92","92.83","92.98","92.80","","-0.17%"
"06/08/1990","93.08","92.96","93.15","92.94","","0.37%"
"06/07/1990","92.74","92.81","92.84","92.67","","0.11%"
"06/06/1990","92.64","92.61","92.71","92.50","","0.03%"
"06/05/1990","92.61","93.09","93.11","92.53","","-0.32%"
"06/04/1990","92.91","93.21","93.36","92.68","","-0.05%"
"06/01/1990","92.96","92.86","93.01","92.27","","-0.02%"
"05/31/1990","92.98","92.77","93.11","92.73","","0.71%"
"05/30/1990","92.32","91.88","92.36","91.86","","0.32%"
"05/29/1990","92.03","92.01","92.09","91.81","","-0.25%"
"05/28/1990","92.26","92.25","92.30","92.13","","0.00%"
"05/25/1990","92.26","92.25","92.30","92.13","","-0.12%"
"05/24/1990","92.37","92.10","92.46","91.96","","0.25%"
"05/23/1990","92.14","91.74","92.25","91.72","","0.15%"
"05/22/1990","92.00","92.13","92.14","91.84","","0.10%"
"05/21/1990","91.91","91.67","91.94","91.65","","0.66%"
"05/18/1990","91.31","91.35","91.45","91.23","","-0.03%"
"05/17/1990","91.34","90.92","91.38","90.75","","0.20%"
"05/16/1990","91.16","91.24","91.30","91.00","","0.08%"
"05/15/1990","91.09","91.06","91.35","90.95","","-0.01%"
"05/14/1990","91.10","91.17","91.29","91.07","","-0.02%"
"05/11/1990","91.12","91.08","91.20","90.66","","-0.10%"
"05/10/1990","91.21","91.38","91.53","91.02","","0.07%"
"05/09/1990","91.15","91.41","91.52","91.04","","-0.91%"
"05/08/1990","91.99","91.99","92.18","91.93","","-0.02%"
"05/07/1990","92.01","92.18","92.21","91.89","","-0.39%"
"05/04/1990","92.37","93.06","93.12","92.35","","-0.82%"
"05/03/1990","93.13","93.11","93.20","93.02","","-0.12%"
"05/02/1990","93.24","93.27","93.28","93.09","","0.16%"
"05/01/1990","93.09","93.23","93.30","93.03","","0.02%"
"04/30/1990","93.07","93.21","93.31","93.02","","0.05%"
"04/27/1990","93.02","93.21","93.44","92.92","","-0.19%"
"04/26/1990","93.20","92.98","93.25","92.95","","0.12%"
"04/25/1990","93.09","93.74","93.74","92.99","","-0.74%"
"04/24/1990","93.78","93.80","93.87","93.61","","0.01%"
"04/23/1990","93.77","93.70","93.83","93.64","","0.51%"
"04/20/1990","93.29","93.17","93.56","93.06","","0.32%"
"04/19/1990","92.99","92.79","93.17","92.71","","0.14%"
"04/18/1990","92.86","93.39","93.41","92.86","","-0.45%"
"04/17/1990","93.28","93.53","93.59","93.28","","-0.06%"
"04/16/1990","93.34","93.17","93.49","93.17","","0.51%"
"04/13/1990","92.87","93.08","93.09","92.87","","0.00%"
"04/12/1990","92.87","93.08","93.09","92.87","","-0.06%"
"04/11/1990","92.93","93.06","93.10","92.83","","-0.08%"
"04/10/1990","93.00","93.65","93.70","93.00","","-0.73%"
"04/09/1990","93.68","93.49","93.73","93.35","","-0.04%"
"04/06/1990","93.72","93.72","93.83","93.59","","-0.15%"
"04/05/1990","93.86","93.88","93.93","93.82","","-0.13%"
"04/04/1990","93.98","93.90","94.01","93.80","","-0.03%"
"04/03/1990","94.01","94.09","94.12","93.93","","-0.05%"
"04/02/1990","94.06","94.28","94.32","94.01","","0.39%"
"03/30/1990","93.69","93.86","93.95","93.39","","-0.04%"
"03/29/1990","93.73","94.00","94.04","93.57","","-0.78%"
"03/28/1990","94.47","94.56","94.60","94.31","","0.06%"
"03/27/1990","94.41","94.52","94.64","94.33","","0.14%"
"03/26/1990","94.28","94.47","94.62","94.13","","-0.10%"
"03/23/1990","94.37","94.27","94.44","93.97","","0.21%"
"03/22/1990","94.17","94.63","94.65","94.07","","-0.25%"
"03/21/1990","94.41","94.35","94.57","94.25","","0.13%"
"03/20/1990","94.29","93.48","94.38","93.43","","0.86%"
"03/19/1990","93.49","93.45","93.59","93.28","","-0.33%"
"03/16/1990","93.80","93.83","93.83","93.48","","0.02%"
"03/15/1990","93.78","94.37","94.41","93.71","","-0.50%"
"03/14/1990","94.25","94.35","94.47","94.14","","-0.05%"
"03/13/1990","94.30","94.59","94.72","94.16","","-0.10%"
"03/12/1990","94.39","94.17","94.49","94.02","","0.55%"
"03/09/1990","93.87","93.77","93.96","93.66","","0.36%"
"03/08/1990","93.53","93.58","93.66","93.43","","-0.12%"
"03/07/1990","93.64","93.76","93.96","93.58","","0.09%"
"03/06/1990","93.56","93.28","93.66","93.26","","0.31%"
"03/05/1990","93.27","93.37","93.79","93.23","","-0.79%"
"03/02/1990","94.01","93.86","94.33","93.64","","0.01%"
"03/01/1990","94.00","93.67","94.12","93.54","","0.76%"
"02/28/1990","93.29","92.84","93.45","92.79","","0.63%"
"02/27/1990","92.71","92.86","92.86","92.58","","-0.28%"
"02/26/1990","92.97","92.65","92.97","92.58","","0.88%"
"02/23/1990","92.16","92.17","92.25","91.98","","0.20%"
"02/22/1990","91.98","91.87","92.02","91.62","","0.20%"
"02/21/1990","91.80","91.72","91.92","91.56","","-0.02%"
"02/20/1990","91.82","92.01","92.24","91.80","","-0.39%"
"02/19/1990","92.18","92.81","93.11","92.05","","0.00%"
"02/16/1990","92.18","92.81","93.11","92.05","","-0.66%"
"02/15/1990","92.79","92.24","92.86","92.23","","0.72%"
"02/14/1990","92.13","92.09","92.21","91.95","","-0.18%"
"02/13/1990","92.30","92.58","92.70","92.17","","0.21%"
"02/12/1990","92.11","92.11","92.24","91.88","","0.14%"
"02/09/1990","91.98","92.06","92.31","91.96","","0.00%"
"02/08/1990","91.98","91.92","92.22","91.89","","0.25%"
"02/07/1990","91.75","91.30","91.83","91.28","","0.22%"
"02/06/1990","91.55","91.27","91.64","91.26","","0.01%"
"02/05/1990","91.54","92.09","92.09","91.45","","-0.97%"
"02/02/1990","92.44","92.45","92.75","92.31","","0.30%"
"02/01/1990","92.16","92.32","92.49","92.13","","-0.27%"
"01/31/1990","92.41","92.38","92.60","92.25","","-0.54%"
"01/30/1990","92.91","92.19","93.31","91.98","","0.88%"
"01/29/1990","92.10","92.00","92.28","91.89","","-0.45%"
"01/26/1990","92.52","92.65","92.99","92.47","","-0.14%"
"01/25/1990","92.65","92.76","92.94","92.53","","-0.41%"
"01/24/1990","93.03","92.56","93.08","92.36","","-0.17%"
"01/23/1990","93.19","93.63","93.67","93.04","","-1.20%"
"01/22/1990","94.32","94.00","94.54","93.97","","0.67%"
"01/19/1990","93.69","93.83","93.96","93.45","","-0.05%"
"01/18/1990","93.74","93.35","93.84","93.10","","1.10%"
"01/17/1990","92.72","92.95","92.98","92.43","","-0.24%"
"01/16/1990","92.94","93.41","93.52","92.75","","0.11%"
"01/15/1990","92.84","92.37","92.90","92.35","","0.44%"
"01/12/1990","92.43","92.36","92.46","91.94","","0.03%"
"01/11/1990","92.40","92.64","92.73","92.32","","0.01%"
"01/10/1990","92.39","92.20","92.59","91.93","","0.04%"
"01/09/1990","92.35","92.53","92.79","92.31","","0.33%"
"01/08/1990","92.05","92.52","92.54","91.94","","-0.86%"
"01/05/1990","92.85","93.34","93.42","92.55","","0.36%"
"01/04/1990","92.52","93.72","93.88","92.39","","-2.01%"
"01/03/1990","94.42","94.15","94.52","94.08","","0.14%"
"01/02/1990","94.29","93.13","94.31","93.08","","1.16%"
"01/01/1990","93.21","93.19","93.31","93.08","","0.00%"
"12/29/1989","93.21","93.19","93.31","93.08","","-0.06%"
"12/28/1989","93.27","92.64","93.30","92.60","","0.66%"
"12/27/1989","92.66","92.95","93.00","92.65","","-0.89%"
"12/26/1989","93.49","93.23","93.49","93.16","","0.00%"
"12/25/1989","93.49","93.83","93.84","93.45","","0.00%"
"12/22/1989","93.49","93.83","93.84","93.45","","-0.79%"
"12/21/1989","94.23","94.54","94.55","94.11","","-0.26%"
"12/20/1989","94.48","95.11","95.18","94.33","","-0.23%"
"12/19/1989","94.70","94.60","94.77","94.47","","0.58%"
"12/18/1989","94.15","94.36","94.52","94.14","","-0.06%"
"12/15/1989","94.21","94.75","94.80","94.14","","-0.52%"
"12/14/1989","94.70","94.79","94.89","94.57","","0.23%"
"12/13/1989","94.48","94.27","94.94","94.10","","-0.19%"
"12/12/1989","94.66","95.22","95.30","94.56","","-1.04%"
"12/11/1989","95.65","95.97","96.02","95.58","","-0.42%"
"12/08/1989","96.05","96.02","96.21","95.75","","0.00%"
"12/07/1989","96.05","95.89","96.18","95.84","","0.24%"
"12/06/1989","95.82","96.23","96.24","95.75","","-0.45%"
"12/05/1989","96.25","96.58","96.61","96.16","","-0.39%"
"12/04/1989","96.63","96.41","96.65","96.35","","0.06%"
"12/01/1989","96.57","96.52","96.64","96.38","","0.31%"
"11/30/1989","96.27","96.58","96.58","96.19","","-0.25%"
"11/29/1989","96.51","96.37","96.77","96.21","","0.20%"
"11/28/1989","96.32","97.02","97.08","96.13","","-0.42%"
"11/27/1989","96.73","96.84","96.94","96.60","","-0.42%"
"11/24/1989","97.14","97.11","97.36","97.10","","-0.35%"
"11/23/1989","97.48","97.34","97.73","97.24","","0.00%"
"11/22/1989","97.48","97.34","97.73","97.24","","0.00%"
"11/21/1989","97.48","97.68","97.88","97.43","","-0.81%"
"11/20/1989","98.28","98.59","98.60","98.19","","-0.10%"
"11/17/1989","98.38","98.41","98.54","98.21","","-0.03%"
"11/16/1989","98.41","98.46","98.64","97.93","","0.23%"
"11/15/1989","98.18","98.11","98.37","98.06","","0.35%"
"11/14/1989","97.84","98.66","98.72","97.78","","-0.96%"
"11/13/1989","98.79","98.90","99.04","98.75","","-0.19%"
"11/10/1989","98.98","98.37","99.06","98.36","","0.56%"
"11/09/1989","98.43","98.11","98.43","97.98","","0.31%"
"11/08/1989","98.13","98.01","98.20","97.99","","0.01%"
"11/07/1989","98.12","98.22","98.31","98.03","","-0.43%"
"11/06/1989","98.54","98.56","98.62","98.37","","0.21%"
"11/03/1989","98.33","98.28","98.55","98.14","","0.04%"
"11/02/1989","98.29","98.53","98.59","98.16","","-0.21%"
"11/01/1989","98.50","98.16","98.53","97.95","","0.44%"
"10/31/1989","98.07","98.00","98.15","97.83","","0.31%"
"10/30/1989","97.77","97.90","98.02","97.66","","0.14%"
"10/27/1989","97.63","98.27","98.46","97.53","","-0.47%"
"10/26/1989","98.09","97.89","98.16","97.62","","0.62%"
"10/25/1989","97.49","97.74","97.86","97.49","","-0.03%"
"10/24/1989","97.52","98.07","98.17","97.49","","-0.64%"
"10/23/1989","98.15","98.58","98.64","98.02","","-0.44%"
"10/20/1989","98.58","98.31","98.74","98.31","","0.32%"
"10/19/1989","98.27","97.78","98.44","97.73","","-0.01%"
"10/18/1989","98.28","98.08","98.69","97.92","","-0.71%"
"10/17/1989","98.98","99.00","99.07","98.12","","0.08%"
"10/16/1989","98.90","98.19","99.19","97.87","","-0.87%"
"10/13/1989","99.77","100.48","100.96","99.21","","-0.87%"
"10/12/1989","100.65","100.69","100.85","100.55","","-0.25%"
"10/11/1989","100.90","100.90","101.31","100.86","","0.31%"
"10/10/1989","100.59","99.77","100.75","99.63","","0.90%"
"10/09/1989","99.69","99.66","99.69","99.53","","0.21%"
"10/06/1989","99.48","99.96","99.98","98.97","","0.15%"
"10/05/1989","99.33","99.12","99.38","98.31","","0.29%"
"10/04/1989","99.04","98.85","99.18","98.80","","-0.16%"
"10/03/1989","99.20","98.78","99.41","98.71","","0.46%"
"10/02/1989","98.75","98.68","98.89","98.42","","0.28%"
"09/29/1989","98.47","98.26","98.58","98.06","","-0.43%"
"09/28/1989","98.90","99.24","99.28","98.83","","0.12%"
"09/27/1989","98.78","98.56","98.93","98.44","","-0.42%"
"09/26/1989","99.20","99.80","99.85","99.01","","-0.36%"
"09/25/1989","99.56","99.80","99.91","99.51","","-2.31%"
"09/22/1989","101.91","101.56","102.03","101.52","","0.29%"
"09/21/1989","101.62","101.63","101.80","101.48","","0.21%"
"09/20/1989","101.41","101.77","101.77","101.24","","-0.52%"
"09/19/1989","101.94","102.22","102.24","101.78","","0.13%"
"09/18/1989","101.81","102.77","102.78","101.71","","-0.47%"
"09/15/1989","102.29","102.92","104.19","101.73","","-0.64%"
"09/14/1989","102.95","102.54","103.02","102.34","","0.21%"
"09/13/1989","102.73","103.04","103.19","102.60","","-0.62%"
"09/12/1989","103.37","103.09","103.45","103.00","","-0.15%"
"09/11/1989","103.53","103.66","103.67","103.24","","0.03%"
"09/08/1989","103.50","103.17","103.69","102.86","","0.28%"
"09/07/1989","103.21","103.43","103.54","102.99","","0.28%"
"09/06/1989","102.92","102.91","103.05","102.70","","-0.53%"
"09/05/1989","103.47","103.54","103.61","103.26","","0.62%"
"09/04/1989","102.83","102.43","102.95","102.31","","0.00%"
"09/01/1989","102.83","102.43","102.95","102.31","","0.54%"
"08/31/1989","102.28","101.98","102.41","101.76","","0.63%"
"08/30/1989","101.64","100.89","101.66","100.70","","0.65%"
"08/29/1989","100.98","101.24","101.39","100.63","","-1.00%"
"08/28/1989","102.00","102.09","102.22","101.82","","0.15%"
"08/25/1989","101.85","101.92","101.99","101.47","","0.26%"
"08/24/1989","101.59","101.93","102.06","101.53","","0.07%"
"08/23/1989","101.52","101.31","101.70","101.23","","0.60%"
"08/22/1989","100.91","101.71","101.74","100.89","","-0.72%"
"08/21/1989","101.64","101.79","101.88","101.35","","-0.09%"
"08/18/1989","101.73","102.03","102.09","101.66","","-0.41%"
"08/17/1989","102.15","101.70","102.46","101.69","","1.07%"
"08/16/1989","101.07","101.20","101.46","100.91","","0.08%"
"08/15/1989","100.99","101.44","101.45","100.88","","-0.37%"
"08/14/1989","101.37","100.96","101.45","100.75","","0.34%"
"08/11/1989","101.03","100.41","101.22","99.99","","1.87%"
"08/10/1989","99.18","98.56","99.24","98.47","","0.38%"
"08/09/1989","98.80","98.96","99.24","98.72","","0.03%"
"08/08/1989","98.77","98.81","99.06","98.67","","-1.14%"
"08/07/1989","99.91","99.80","99.98","99.37","","0.39%"
"08/04/1989","99.52","98.05","99.57","97.99","","1.65%"
"08/03/1989","97.90","97.14","98.14","97.11","","0.79%"
"08/02/1989","97.13","96.90","97.16","96.76","","0.24%"
"08/01/1989","96.90","97.46","97.69","96.84","","-0.50%"
"07/31/1989","97.39","97.47","97.73","97.29","","-0.92%"
"07/28/1989","98.29","98.25","98.83","98.16","","0.04%"
"07/27/1989","98.25","97.83","98.26","97.69","","0.27%"
"07/26/1989","97.99","98.68","98.69","97.95","","-0.92%"
"07/25/1989","98.90","99.25","99.54","98.80","","-0.59%"
"07/24/1989","99.49","99.81","100.04","99.42","","-0.31%"
"07/21/1989","99.80","99.37","99.91","99.15","","0.12%"
"07/20/1989","99.68","100.04","100.13","99.44","","-0.35%"
"07/19/1989","100.03","99.55","100.06","99.33","","0.70%"
"07/18/1989","99.33","100.66","100.67","99.15","","-0.44%"
"07/17/1989","99.77","100.06","100.23","99.72","","-0.22%"
"07/14/1989","99.99","99.10","99.99","98.76","","1.06%"
"07/13/1989","98.94","98.54","99.03","98.41","","0.41%"
"07/12/1989","98.54","98.83","98.88","98.40","","-0.36%"
"07/11/1989","98.90","98.69","98.92","98.58","","0.92%"
"07/10/1989","98.00","97.69","98.05","97.66","","-0.32%"
"07/07/1989","98.31","98.93","99.13","98.25","","-0.50%"
"07/06/1989","98.80","98.97","99.18","98.76","","0.22%"
"07/05/1989","98.58","99.99","100.02","98.58","","-2.30%"
"07/04/1989","100.90","101.21","101.24","100.79","","0.00%"
"07/03/1989","100.90","101.21","101.24","100.79","","-1.10%"
"06/30/1989","102.02","102.15","102.33","101.89","","-0.31%"
"06/29/1989","102.34","101.99","102.40","101.40","","0.15%"
"06/28/1989","102.19","102.38","102.47","102.03","","0.23%"
"06/27/1989","101.96","101.88","102.09","101.33","","0.00%"
"06/26/1989","101.96","101.65","102.32","101.65","","1.02%"
"06/23/1989","100.93","101.47","101.54","100.66","","-0.62%"
"06/22/1989","101.56","101.89","102.50","101.51","","-0.78%"
"06/21/1989","102.36","103.67","103.74","102.33","","-1.15%"
"06/20/1989","103.55","102.67","103.60","102.60","","0.43%"
"06/19/1989","103.11","103.53","103.64","102.88","","-0.21%"
"06/16/1989","103.33","104.40","104.53","103.11","","-0.78%"
"06/15/1989","104.14","106.21","106.56","103.99","","-1.39%"
"06/14/1989","105.61","105.19","105.62","105.12","","0.71%"
"06/13/1989","104.87","105.03","105.54","104.82","","-0.22%"
"06/12/1989","105.10","105.31","105.47","105.02","","0.75%"
"06/09/1989","104.32","103.38","104.34","103.33","","1.56%"
"06/08/1989","102.72","102.64","102.88","102.57","","0.19%"
"06/07/1989","102.53","102.25","102.58","102.07","","0.04%"
"06/06/1989","102.49","103.30","103.32","102.48","","-0.39%"
"06/05/1989","102.89","101.67","102.94","101.66","","1.65%"
"06/02/1989","101.22","102.40","102.52","101.13","","-1.55%"
"06/01/1989","102.81","103.08","103.08","102.65","","-0.17%"
"05/31/1989","102.98","103.11","103.42","102.47","","-0.44%"
"05/30/1989","103.43","103.84","104.18","103.38","","0.89%"
"05/29/1989","102.52","101.53","102.87","101.41","","0.00%"
"05/26/1989","102.52","101.53","102.87","101.41","","-0.30%"
"05/25/1989","102.83","103.56","103.60","102.82","","-1.37%"
"05/24/1989","104.26","103.82","104.28","103.71","","0.31%"
"05/23/1989","103.94","103.63","104.01","103.27","","0.17%"
"05/22/1989","103.76","103.92","103.98","103.55","","1.76%"
"05/19/1989","101.97","101.71","102.00","101.58","","0.05%"
"05/18/1989","101.92","102.28","102.45","101.56","","0.05%"
"05/17/1989","101.87","100.72","102.12","100.68","","1.56%"
"05/16/1989","100.31","100.23","100.56","100.13","","-0.12%"
"05/15/1989","100.43","100.59","100.71","100.36","","1.00%"
"05/12/1989","99.44","99.38","99.48","99.38","","0.28%"
"05/11/1989","99.16","99.08","99.29","99.05","","0.61%"
"05/10/1989","98.56","98.75","98.89","98.41","","-0.34%"
"05/09/1989","98.90","99.07","99.30","98.89","","-0.06%"
"05/08/1989","98.96","98.53","99.07","98.40","","0.55%"
"05/05/1989","98.42","98.41","98.55","97.89","","0.09%"
"05/04/1989","98.33","98.00","98.34","97.91","","0.06%"
"05/03/1989","98.27","98.09","98.29","97.91","","0.14%"
"05/02/1989","98.13","98.14","98.14","97.90","","-0.05%"
"05/01/1989","98.18","98.06","98.23","97.99","","0.48%"
"04/28/1989","97.71","97.67","97.81","97.59","","0.28%"
"04/27/1989","97.44","97.51","97.62","97.39","","-0.13%"
"04/26/1989","97.57","97.21","97.97","97.09","","0.59%"
"04/25/1989","97.00","96.96","97.03","96.79","","0.27%"
"04/24/1989","96.74","96.56","96.88","96.56","","0.39%"
"04/21/1989","96.36","96.35","96.39","96.19","","0.14%"
"04/20/1989","96.23","96.78","96.82","96.11","","-0.65%"
"04/19/1989","96.86","96.79","96.93","96.67","","0.44%"
"04/18/1989","96.44","96.93","96.95","96.32","","-0.33%"
"04/17/1989","96.76","96.74","96.78","96.58","","-0.18%"
"04/14/1989","96.93","97.58","97.60","96.92","","-0.36%"
"04/13/1989","97.28","97.37","97.42","97.12","","-0.48%"
"04/12/1989","97.75","97.83","97.87","97.66","","-0.07%"
"04/11/1989","97.82","97.67","97.89","97.60","","0.12%"
"04/10/1989","97.70","97.54","97.70","97.47","","0.18%"
"04/07/1989","97.52","97.17","97.55","96.90","","0.38%"
"04/06/1989","97.15","97.23","97.23","96.98","","0.10%"
"04/05/1989","97.05","97.33","97.33","96.85","","0.21%"
"04/04/1989","96.85","97.09","97.12","96.73","","-0.68%"
"04/03/1989","97.51","98.01","98.04","97.49","","-0.64%"
"03/31/1989","98.14","97.99","98.31","97.97","","0.00%"
"03/30/1989","98.14","97.87","98.53","97.84","","0.00%"
"03/29/1989","98.14","98.09","98.20","97.92","","-0.10%"
"03/28/1989","98.24","97.74","98.27","97.55","","0.65%"
"03/27/1989","97.61","97.50","97.72","97.46","","0.64%"
"03/24/1989","96.99","96.69","97.09","96.65","","0.00%"
"03/23/1989","96.99","96.69","97.09","96.65","","0.15%"
"03/22/1989","96.84","97.13","97.14","96.74","","-0.15%"
"03/21/1989","96.99","97.20","97.21","96.73","","0.06%"
"03/20/1989","96.93","97.26","97.47","96.90","","-0.39%"
"03/17/1989","97.31","96.97","97.37","96.94","","0.43%"
"03/16/1989","96.89","96.89","97.14","96.72","","-0.10%"
"03/15/1989","96.99","96.66","97.09","96.50","","0.57%"
"03/14/1989","96.44","96.79","96.83","96.34","","-0.41%"
"03/13/1989","96.84","96.65","96.89","96.61","","0.36%"
"03/10/1989","96.49","96.35","96.73","96.32","","0.16%"
"03/09/1989","96.34","96.58","96.65","96.34","","-0.29%"
"03/08/1989","96.62","96.28","96.67","96.16","","0.36%"
"03/07/1989","96.27","96.28","96.38","96.07","","0.06%"
"03/06/1989","96.21","95.87","96.29","95.84","","0.45%"
"03/03/1989","95.78","95.80","95.87","95.58","","-0.24%"
"03/02/1989","96.01","95.70","96.01","95.60","","0.36%"
"03/01/1989","95.67","95.64","95.83","95.57","","0.81%"
"02/28/1989","94.90","95.17","95.23","94.76","","0.01%"
"02/27/1989","94.89","94.46","94.97","94.39","","0.24%"
"02/24/1989","94.66","94.92","95.08","94.65","","0.14%"
"02/23/1989","94.53","94.81","94.91","94.39","","-0.75%"
"02/22/1989","95.24","95.44","95.47","95.11","","-0.26%"
"02/21/1989","95.49","95.83","95.83","95.15","","0.62%"
"02/20/1989","94.90","94.84","95.22","94.59","","0.00%"
"02/17/1989","94.90","94.84","95.22","94.59","","-0.11%"
"02/16/1989","95.00","95.30","95.40","94.98","","-0.01%"
"02/15/1989","95.01","95.11","95.38","94.51","","-0.21%"
"02/14/1989","95.21","95.89","95.97","95.15","","-1.00%"
"02/13/1989","96.17","96.40","96.55","96.17","","-0.22%"
"02/10/1989","96.38","95.18","96.49","95.13","","0.76%"
"02/09/1989","95.65","95.93","96.01","95.57","","-0.87%"
"02/08/1989","96.49","96.56","96.70","96.42","","-0.10%"
"02/07/1989","96.59","96.58","96.64","96.28","","-0.02%"
"02/06/1989","96.61","97.14","97.17","96.55","","-0.13%"
"02/03/1989","96.74","96.86","97.15","96.64","","-0.06%"
"02/02/1989","96.80","96.61","96.95","96.30","","0.23%"
"02/01/1989","96.58","96.68","96.69","96.25","","-0.20%"
"01/31/1989","96.77","96.17","96.84","96.10","","0.77%"
"01/30/1989","96.03","96.44","96.47","95.98","","-0.17%"
"01/27/1989","96.19","95.71","96.33","95.52","","0.76%"
"01/26/1989","95.46","95.33","95.51","95.24","","0.43%"
"01/25/1989","95.05","95.29","95.58","95.02","","-0.21%"
"01/24/1989","95.25","94.58","95.34","94.48","","0.33%"
"01/23/1989","94.94","95.50","95.59","94.65","","-0.16%"
"01/20/1989","95.09","95.75","95.84","95.06","","-0.77%"
"01/19/1989","95.83","96.69","96.80","95.82","","-0.78%"
"01/18/1989","96.58","96.06","96.61","95.65","","1.00%"
"01/17/1989","95.62","95.55","95.74","95.45","","-0.41%"
"01/16/1989","96.01","95.84","96.09","95.81","","0.72%"
"01/13/1989","95.32","95.32","95.43","94.66","","0.73%"
"01/12/1989","94.63","94.50","94.77","94.36","","0.08%"
"01/11/1989","94.55","94.75","94.88","94.37","","-0.57%"
"01/10/1989","95.09","94.73","95.24","94.63","","0.62%"
"01/09/1989","94.50","95.07","95.08","94.45","","0.15%"
"01/06/1989","94.36","93.99","94.43","93.98","","0.82%"
"01/05/1989","93.59","93.10","93.60","93.08","","0.66%"
"01/04/1989","92.98","92.80","93.19","92.79","","0.88%"
"01/03/1989","92.17","91.93","92.18","91.77","","-0.36%"
"01/02/1989","92.50","92.60","92.71","92.44","","0.00%"
"12/30/1988","92.50","92.60","92.71","92.44","","-0.79%"
"12/29/1988","93.24","93.18","93.39","93.17","","-0.14%"
"12/28/1988","93.37","93.41","93.66","93.22","","0.61%"
"12/27/1988","92.80","92.73","92.81","92.69","","0.15%"
"12/26/1988","92.66","92.77","92.80","92.66","","0.00%"
"12/23/1988","92.66","92.77","92.80","92.66","","0.05%"
"12/22/1988","92.61","92.63","92.76","92.59","","0.14%"
"12/21/1988","92.48","92.69","92.71","92.39","","-0.55%"
"12/20/1988","92.99","92.81","93.01","92.63","","0.92%"
"12/19/1988","92.14","92.02","92.27","91.87","","0.05%"
"12/16/1988","92.09","91.99","92.37","91.86","","0.16%"
"12/15/1988","91.94","91.17","92.10","91.12","","0.94%"
"12/14/1988","91.08","91.57","91.57","90.92","","-0.59%"
"12/13/1988","91.62","91.32","91.66","91.31","","0.56%"
"12/12/1988","91.11","91.06","91.24","91.05","","0.30%"
"12/09/1988","90.84","90.96","91.02","90.67","","0.03%"
"12/08/1988","90.81","91.18","91.23","90.76","","-1.19%"
"12/07/1988","91.90","91.24","92.29","91.19","","1.27%"
"12/06/1988","90.75","90.27","90.75","90.17","","0.64%"
"12/05/1988","90.17","90.08","90.23","90.05","","0.12%"
"12/02/1988","90.06","90.63","90.97","90.04","","-0.49%"
"12/01/1988","90.50","90.50","90.59","90.36","","-0.03%"
"11/30/1988","90.53","90.86","90.93","90.53","","-0.23%"
"11/29/1988","90.74","90.74","90.80","90.41","","-0.10%"
"11/28/1988","90.83","90.83","90.83","90.83","","0.79%"
"11/25/1988","90.12","90.32","90.53","90.05","","-0.22%"
"11/24/1988","90.32","90.53","90.59","90.15","","0.00%"
"11/23/1988","90.32","90.53","90.59","90.15","","-0.09%"
"11/22/1988","90.40","90.73","90.90","90.37","","-0.48%"
"11/21/1988","90.84","91.22","91.31","90.80","","-0.65%"
"11/18/1988","91.43","91.45","91.85","91.31","","0.51%"
"11/17/1988","90.97","90.63","91.50","90.62","","0.15%"
"11/16/1988","90.83","91.75","91.78","90.78","","-1.06%"
"11/15/1988","91.80","91.85","92.02","91.72","","-0.21%"
"11/14/1988","91.99","92.08","92.09","91.72","","0.50%"
"11/11/1988","91.53","91.73","91.78","91.41","","-0.74%"
"11/10/1988","92.21","92.40","92.53","92.15","","-0.25%"
"11/09/1988","92.44","93.03","93.14","92.37","","-1.29%"
"11/08/1988","93.65","93.45","93.87","93.42","","0.44%"
"11/07/1988","93.24","93.53","93.65","93.19","","-0.60%"
"11/04/1988","93.80","93.19","93.96","93.08","","0.67%"
"11/03/1988","93.18","92.98","93.21","92.87","","0.31%"
"11/02/1988","92.89","93.35","93.52","92.76","","-0.75%"
"11/01/1988","93.59","93.69","93.89","93.50","","-0.18%"
"10/31/1988","93.76","92.87","93.79","92.82","","0.77%"
"10/28/1988","93.04","93.48","93.66","93.02","","-0.19%"
"10/27/1988","93.22","92.95","93.24","92.85","","0.09%"
"10/26/1988","93.14","93.92","93.97","93.11","","-0.90%"
"10/25/1988","93.99","94.17","94.22","93.71","","0.20%"
"10/24/1988","93.80","93.82","93.95","93.65","","0.44%"
"10/21/1988","93.39","93.83","93.87","93.34","","-0.88%"
"10/20/1988","94.22","94.28","94.29","94.04","","-0.48%"
"10/19/1988","94.67","94.50","94.67","94.41","","0.22%"
"10/18/1988","94.46","94.67","94.68","94.26","","-0.02%"
"10/17/1988","94.48","94.68","94.79","94.47","","0.12%"
"10/14/1988","94.37","95.07","95.15","94.30","","-0.45%"
"10/13/1988","94.80","95.54","95.65","94.59","","-0.85%"
"10/12/1988","95.61","96.11","96.13","95.55","","-1.12%"
"10/11/1988","96.69","96.55","96.75","96.48","","-0.19%"
"10/10/1988","96.87","96.96","96.99","96.84","","-0.47%"
"10/07/1988","97.33","97.59","97.62","97.15","","-0.18%"
"10/06/1988","97.51","97.39","97.57","97.35","","0.10%"
"10/05/1988","97.41","97.54","97.57","97.32","","0.05%"
"10/04/1988","97.36","97.24","97.46","97.16","","0.05%"
"10/03/1988","97.31","97.65","97.65","97.30","","-0.39%"
"09/30/1988","97.69","98.16","98.21","97.64","","-0.61%"
"09/29/1988","98.29","98.21","98.32","98.20","","0.28%"
"09/28/1988","98.02","98.18","98.24","98.00","","-0.23%"
"09/27/1988","98.25","98.35","98.36","98.11","","-0.13%"
"09/26/1988","98.38","98.75","98.83","98.31","","0.26%"
"09/23/1988","98.12","98.29","98.36","98.12","","-0.10%"
"09/22/1988","98.22","98.15","98.43","98.10","","0.24%"
"09/21/1988","97.98","98.00","98.10","97.93","","0.29%"
"09/20/1988","97.70","97.80","97.84","97.58","","-0.03%"
"09/19/1988","97.73","97.86","97.92","97.73","","-0.31%"
"09/16/1988","98.03","98.14","98.23","97.97","","-0.04%"
"09/15/1988","98.07","98.13","98.25","97.97","","-0.12%"
"09/14/1988","98.19","97.35","98.35","97.28","","1.09%"
"09/13/1988","97.13","97.02","97.15","96.97","","0.08%"
"09/12/1988","97.05","97.11","97.16","96.92","","-0.16%"
"09/09/1988","97.21","96.97","97.29","96.91","","0.22%"
"09/08/1988","97.00","97.26","97.46","96.98","","0.18%"
"09/07/1988","96.83","96.91","97.19","96.83","","-0.19%"
"09/06/1988","97.01","97.30","97.30","96.89","","-0.54%"
"09/05/1988","97.54","98.51","98.52","97.40","","0.00%"
"09/02/1988","97.54","98.51","98.52","97.40","","-0.90%"
"09/01/1988","98.43","98.55","98.65","98.34","","0.01%"
"08/31/1988","98.42","98.40","98.62","98.29","","0.55%"
"08/30/1988","97.88","97.82","98.01","97.69","","-0.19%"
"08/29/1988","98.07","97.82","98.10","97.79","","0.59%"
"08/26/1988","97.49","97.66","97.76","97.33","","-0.06%"
"08/25/1988","97.55","97.85","97.86","97.34","","-0.66%"
"08/24/1988","98.20","98.72","98.81","98.15","","-1.07%"
"08/23/1988","99.26","99.07","99.28","98.69","","0.41%"
"08/22/1988","98.85","99.33","99.61","98.85","","0.32%"
"08/19/1988","98.53","98.45","98.57","98.14","","-0.08%"
"08/18/1988","98.61","98.27","99.04","98.21","","-0.43%"
"08/17/1988","99.04","98.52","99.29","98.45","","0.90%"
"08/16/1988","98.16","97.97","98.38","96.86","","0.34%"
"08/15/1988","97.83","97.94","98.05","97.68","","-0.10%"
"08/12/1988","97.93","97.97","98.01","97.61","","0.11%"
"08/11/1988","97.82","98.51","98.76","97.81","","-1.05%"
"08/10/1988","98.86","99.37","99.47","98.83","","-0.47%"
"08/09/1988","99.33","98.25","99.37","98.16","","0.96%"
"08/08/1988","98.39","98.48","98.56","98.13","","0.17%"
"08/05/1988","98.22","97.72","98.27","97.55","","0.74%"
"08/04/1988","97.50","97.56","97.65","97.42","","0.23%"
"08/03/1988","97.28","97.48","97.49","97.17","","-0.11%"
"08/02/1988","97.39","97.07","97.44","96.96","","0.39%"
"08/01/1988","97.01","97.42","97.52","96.97","","-0.53%"
"07/29/1988","97.53","97.43","97.55","96.91","","0.74%"
"07/28/1988","96.81","96.45","97.04","96.37","","0.73%"
"07/27/1988","96.11","97.45","97.50","96.00","","-0.64%"
"07/26/1988","96.73","96.62","96.94","96.54","","0.31%"
"07/25/1988","96.43","95.88","96.45","95.74","","1.21%"
"07/22/1988","95.28","95.23","95.49","95.18","","-0.48%"
"07/21/1988","95.74","95.86","96.12","95.72","","-0.98%"
"07/20/1988","96.69","96.59","96.80","96.42","","-0.07%"
"07/19/1988","96.76","97.35","97.38","96.71","","-1.21%"
"07/18/1988","97.95","98.55","98.60","97.79","","-0.18%"
"07/15/1988","98.13","97.02","98.15","96.98","","1.48%"
"07/14/1988","96.70","96.54","96.93","96.45","","0.38%"
"07/13/1988","96.33","96.31","96.65","96.27","","0.20%"
"07/12/1988","96.14","96.37","96.44","96.07","","-0.43%"
"07/11/1988","96.56","96.36","96.60","96.18","","0.21%"
"07/08/1988","96.36","95.51","96.41","95.49","","0.97%"
"07/07/1988","95.43","95.20","95.57","95.07","","-0.21%"
"07/06/1988","95.63","95.65","95.71","95.44","","-0.19%"
"07/05/1988","95.81","95.98","96.11","95.58","","-0.08%"
"07/04/1988","95.89","95.94","96.01","95.69","","0.00%"
"07/01/1988","95.89","95.94","96.01","95.69","","0.50%"
"06/30/1988","95.41","95.69","95.91","95.35","","-0.20%"
"06/29/1988","95.60","95.67","96.09","95.49","","0.46%"
"06/28/1988","95.16","94.42","95.18","94.41","","-0.28%"
"06/27/1988","95.43","95.58","95.65","95.15","","0.54%"
"06/24/1988","94.92","94.08","95.01","94.07","","1.57%"
"06/23/1988","93.45","93.88","93.91","93.38","","0.03%"
"06/22/1988","93.42","93.09","93.48","93.02","","1.35%"
"06/21/1988","92.18","92.33","92.33","92.10","","-0.16%"
"06/20/1988","92.33","92.17","92.58","92.10","","0.30%"
"06/17/1988","92.05","92.15","92.21","91.96","","0.09%"
"06/16/1988","91.97","91.88","92.17","91.77","","-0.26%"
"06/15/1988","92.21","92.07","92.26","92.05","","0.21%"
"06/14/1988","92.02","90.96","92.09","90.96","","1.19%"
"06/13/1988","90.94","90.95","91.04","90.89","","0.13%"
"06/10/1988","90.82","90.66","90.86","90.64","","0.33%"
"06/09/1988","90.52","90.84","90.99","90.49","","-0.54%"
"06/08/1988","91.01","90.65","91.06","90.58","","0.42%"
"06/07/1988","90.63","90.70","90.85","90.61","","-0.33%"
"06/06/1988","90.93","91.16","91.18","90.86","","-0.41%"
"06/03/1988","91.30","91.26","91.38","91.12","","0.09%"
"06/02/1988","91.22","91.35","91.64","91.11","","0.12%"
"06/01/1988","91.11","90.86","91.23","90.84","","0.02%"
"05/31/1988","91.09","90.82","91.12","90.72","","0.67%"
"05/30/1988","90.48","90.21","90.57","90.21","","0.00%"
"05/27/1988","90.48","90.21","90.57","90.21","","0.46%"
"05/26/1988","90.07","90.12","90.18","90.00","","0.04%"
"05/25/1988","90.03","89.92","90.06","89.92","","0.24%"
"05/24/1988","89.81","89.77","89.93","89.71","","-0.06%"
"05/23/1988","89.86","89.95","90.01","89.81","","-0.10%"
"05/20/1988","89.95","90.00","90.07","89.94","","0.00%"
"05/19/1988","89.95","89.91","89.98","89.85","","-0.04%"
"05/18/1988","89.99","90.20","90.27","89.95","","-0.29%"
"05/17/1988","90.25","89.33","90.27","89.28","","0.95%"
"05/16/1988","89.40","89.32","89.45","89.23","","0.24%"
"05/13/1988","89.19","89.08","89.23","89.02","","0.04%"
"05/12/1988","89.15","89.24","89.24","89.01","","0.01%"
"05/11/1988","89.14","89.07","89.23","88.94","","0.10%"
"05/10/1988","89.05","89.12","89.12","89.00","","-0.21%"
"05/09/1988","89.24","89.18","89.30","89.15","","-0.07%"
"05/06/1988","89.30","89.26","89.52","89.23","","-0.20%"
"05/05/1988","89.48","89.16","89.55","89.11","","0.31%"
"05/04/1988","89.20","89.38","89.42","89.18","","-0.06%"
"05/03/1988","89.25","89.15","89.31","89.08","","0.10%"
"05/02/1988","89.16","89.30","89.47","89.15","","0.00%"
"04/29/1988","89.16","88.75","89.17","88.70","","0.42%"
"04/28/1988","88.79","88.86","88.93","88.72","","-0.20%"
"04/27/1988","88.97","89.17","89.24","88.92","","-0.07%"
"04/26/1988","89.03","88.85","89.06","88.72","","0.04%"
"04/25/1988","88.99","88.95","89.13","88.91","","0.11%"
"04/22/1988","88.89","88.80","88.96","88.78","","0.35%"
"04/21/1988","88.58","88.52","88.63","88.38","","0.07%"
"04/20/1988","88.52","88.36","88.52","88.30","","-0.03%"
"04/19/1988","88.55","88.52","88.61","88.37","","0.26%"
"04/18/1988","88.32","88.39","88.41","88.16","","0.01%"
"04/15/1988","88.31","88.49","88.50","88.28","","-0.15%"
"04/14/1988","88.44","89.94","89.99","88.44","","-1.78%"
"04/13/1988","90.04","89.97","90.12","89.70","","0.23%"
"04/12/1988","89.83","89.61","89.85","89.60","","0.28%"
"04/11/1988","89.58","89.68","89.84","89.55","","0.49%"
"04/08/1988","89.14","89.23","89.29","89.08","","-0.13%"
"04/07/1988","89.26","89.45","89.50","89.24","","-0.16%"
"04/06/1988","89.40","88.85","89.50","88.72","","0.63%"
"04/05/1988","88.84","88.64","88.94","88.53","","0.77%"
"04/04/1988","88.16","88.37","88.37","87.87","","-0.16%"
"04/01/1988","88.30","88.33","88.35","88.16","","0.00%"
"03/31/1988","88.30","88.33","88.35","88.16","","-0.17%"
"03/30/1988","88.45","88.94","88.96","88.43","","-0.28%"
"03/29/1988","88.70","88.71","88.85","88.52","","0.46%"
"03/28/1988","88.29","88.76","88.79","88.27","","-1.19%"
"03/25/1988","89.35","89.60","89.66","89.31","","-0.06%"
"03/24/1988","89.40","89.78","89.79","89.39","","-0.74%"
"03/23/1988","90.07","90.20","90.27","89.99","","-0.14%"
"03/22/1988","90.20","90.27","90.36","90.12","","0.11%"
"03/21/1988","90.10","90.13","90.23","89.99","","-0.45%"
"03/18/1988","90.51","90.35","90.57","90.31","","0.14%"
"03/17/1988","90.38","89.73","90.45","89.53","","0.96%"
"03/16/1988","89.52","89.41","89.59","89.34","","0.20%"
"03/15/1988","89.34","89.19","89.45","89.10","","0.29%"
"03/14/1988","89.08","88.93","89.08","88.82","","0.07%"
"03/11/1988","89.02","89.10","89.18","89.01","","-0.40%"
"03/10/1988","89.38","89.53","89.53","89.34","","0.07%"
"03/09/1988","89.32","89.43","89.48","89.28","","-0.03%"
"03/08/1988","89.35","89.64","89.69","89.23","","-0.47%"
"03/07/1988","89.77","90.22","90.27","89.69","","-0.87%"
"03/04/1988","90.56","90.85","90.91","90.55","","-0.28%"
"03/03/1988","90.81","90.87","90.90","90.75","","-0.06%"
"03/02/1988","90.86","90.65","90.96","90.63","","0.46%"
"03/01/1988","90.44","90.55","90.56","90.36","","-0.10%"
"02/29/1988","90.53","90.54","90.63","90.49","","0.00%"
"02/26/1988","90.53","90.58","90.62","90.42","","-0.29%"
"02/25/1988","90.79","91.10","91.14","90.73","","-0.09%"
"02/24/1988","90.87","90.88","90.92","90.71","","0.02%"
"02/23/1988","90.85","90.80","90.93","90.65","","-0.22%"
"02/22/1988","91.05","91.32","91.35","90.95","","-0.56%"
"02/19/1988","91.56","91.54","91.64","91.36","","-0.17%"
"02/18/1988","91.72","91.47","91.73","91.27","","0.39%"
"02/17/1988","91.36","91.75","91.76","91.24","","-0.24%"
"02/16/1988","91.58","91.84","91.87","91.35","","-0.29%"
"02/15/1988","91.85","91.20","92.04","91.20","","0.00%"
"02/12/1988","91.85","91.20","92.04","91.20","","1.07%"
"02/11/1988","90.88","90.81","90.92","90.66","","0.11%"
"02/10/1988","90.78","90.77","90.88","90.62","","-0.32%"
"02/09/1988","91.07","91.30","91.44","90.96","","-0.08%"
"02/08/1988","91.14","91.24","91.27","90.88","","-0.01%"
"02/05/1988","91.15","90.78","91.29","90.60","","0.72%"
"02/04/1988","90.50","90.89","91.00","90.45","","-0.33%"
"02/03/1988","90.80","90.62","90.80","90.41","","0.49%"
"02/02/1988","90.36","90.73","90.79","90.30","","-0.54%"
"02/01/1988","90.85","90.88","91.02","90.75","","0.56%"
"01/29/1988","90.34","90.20","90.37","90.08","","0.79%"
"01/28/1988","89.63","89.69","89.78","89.59","","-0.14%"
"01/27/1988","89.76","89.99","90.21","89.69","","-0.28%"
"01/26/1988","90.01","90.06","90.31","89.97","","-0.29%"
"01/25/1988","90.27","89.97","90.30","89.93","","0.65%"
"01/22/1988","89.69","89.83","90.08","89.65","","0.19%"
"01/21/1988","89.52","89.47","89.70","89.28","","0.24%"
"01/20/1988","89.31","89.63","89.77","89.27","","-1.01%"
"01/19/1988","90.22","90.53","90.78","89.97","","-0.25%"
"01/18/1988","90.45","90.71","90.80","90.37","","-0.33%"
"01/15/1988","90.75","88.21","90.81","88.16","","2.90%"
"01/14/1988","88.19","88.54","88.60","88.13","","-0.35%"
"01/13/1988","88.50","87.96","88.52","87.93","","0.14%"
"01/12/1988","88.38","88.54","88.60","88.25","","-0.46%"
"01/11/1988","88.79","88.67","88.80","88.51","","-0.24%"
"01/08/1988","89.00","89.53","89.62","88.93","","-0.19%"
"01/07/1988","89.17","88.78","89.49","88.69","","0.09%"
"01/06/1988","89.09","89.68","89.75","88.88","","0.76%"
"01/05/1988","88.42","87.39","88.47","87.27","","2.74%"
"01/04/1988","86.06","85.90","86.27","85.87","","0.75%"
"01/01/1988","85.42","85.67","85.70","85.33","","0.00%"