date,country,gdp_per_cap,log_gpc,qrtly_chng_gpc,yearly_chng_gpc,log_qrtly_chng_gpc,log_yearly_chng_gpc
1990-04-01,AUS,30116.1,10.31281519145859,,,,
1990-07-01,AUS,29848.9,10.303903267220463,-267.1999999999971,,,
1990-10-01,AUS,29938.1,10.306887195706091,89.19999999999709,,4.490881039585931,
1991-01-01,AUS,29436.1,10.289977091241425,-502.0,,,
1991-04-01,AUS,29310.0,10.285684033704937,-126.09999999999854,-806.0999999999985,,
1991-07-01,AUS,29346.6,10.286931975275024,36.599999999998545,-502.3000000000029,3.600048240407281,
1991-10-01,AUS,29295.8,10.285199440020426,-50.79999999999927,-642.2999999999993,,
1992-01-01,AUS,29418.8,10.289389204744355,123.0,-17.299999999999272,4.812184355372417,
1992-04-01,AUS,29563.1,10.294282241011414,144.29999999999927,253.09999999999854,4.97189446577982,5.533784667551073
1992-07-01,AUS,29782.5,10.301676251673516,219.40000000000146,435.90000000000146,5.390896547841137,6.07741285924435
1992-10-01,AUS,30344.7,10.320377151913622,562.2000000000007,1048.9000000000015,6.331857658472432,6.955497274967559
1993-01-01,AUS,30461.9,10.324232001391517,117.20000000000073,1043.1000000000022,4.763881877142919,6.9499523276819275
1993-04-01,AUS,30596.0,10.328624560441757,134.09999999999854,1032.9000000000015,4.898585790287622,6.9401256590125895
1993-07-01,AUS,30551.6,10.327172336387072,-44.400000000001455,769.0999999999985,,6.645221000063006
1993-10-01,AUS,31047.9,10.343286452224179,496.3000000000029,703.2000000000007,6.207180582593401,6.555641346370968
1994-01-01,AUS,31462.4,10.35654846105155,414.5,1000.5,6.02707297457535,6.908255154023788
1994-04-01,AUS,31780.0,10.366592440090708,317.59999999999854,1184.0,5.760792729372976,7.076653815443951
1994-07-01,AUS,31929.9,10.371298153853,149.90000000000146,1378.300000000003,5.009968405108562,7.228606134700395
1994-10-01,AUS,32202.6,10.379802473614385,272.6999999999971,1154.699999999997,5.608372289851532,7.051595848957808
1995-01-01,AUS,32100.0,10.376611309118108,-102.59999999999854,637.5999999999985,,6.457711127476003
1995-04-01,AUS,32143.6,10.377968642975297,43.599999999998545,363.59999999999854,3.775057150354955,5.89605436230332
1995-07-01,AUS,32760.9,10.396991010117116,617.3000000000029,831.0,6.425355129399855,6.7226297948554485
1995-10-01,AUS,32670.0,10.394212504595115,-90.90000000000146,467.40000000000146,,6.14718542210476
1996-01-01,AUS,33090.3,10.406995467057698,420.3000000000029,990.3000000000029,6.040968742011078,6.89800792752726
1996-04-01,AUS,33208.7,10.41056716876872,118.39999999999418,1065.0999999999985,4.774068722449856,6.970823970449119
1996-07-01,AUS,33375.2,10.41556838819396,166.5,614.2999999999956,5.1149953094204985,6.420483408169875
1996-10-01,AUS,33591.5,10.422028337756945,216.3000000000029,921.5,5.376666332959027,6.826002777109878
1997-01-01,AUS,33699.1,10.425226409752382,107.59999999999854,608.7999999999956,4.678420647727671,6.411489806547469
1997-04-01,AUS,34649.9,10.453050118611,950.8000000000029,1441.2000000000044,6.857303735486042,7.273231378873941
1997-07-01,AUS,34609.6,10.451886379209236,-40.30000000000291,1234.4000000000015,,7.118340301048952
1997-10-01,AUS,35041.6,10.464291206108303,432.0,1450.0999999999985,6.068425588244111,7.279387798553849
1998-01-01,AUS,35147.4,10.467305925797444,105.80000000000291,1448.300000000003,4.661550519424226,7.278145733806813
1998-04-01,AUS,35424.0,10.475144835508363,276.59999999999854,774.0999999999985,5.622572419230653,6.651701064210666
1998-07-01,AUS,35996.8,10.491185324598506,572.8000000000029,1387.2000000000044,6.350536615646441,7.235042606026281
1998-10-01,AUS,36467.1,10.504165763229478,470.29999999999563,1425.5,6.153370788950993,7.2622779083527265
1999-01-01,AUS,36608.1,10.508024806379096,141.0,1460.699999999997,4.948759890378168,7.286671051856763
1999-04-01,AUS,36652.5,10.50923691781242,44.400000000001455,1228.5,3.7932394694382117,7.1135491919612335
1999-07-01,AUS,36961.9,10.517642931360736,309.40000000000146,965.0999999999985,5.734634938138971,6.872231722913089
1999-10-01,AUS,37488.6,10.531792165741136,526.6999999999971,1021.5,6.266631126489338,6.929027414257677
2000-01-01,AUS,37508.1,10.532312188633862,19.5,900.0,2.970414465569701,6.802394763324311
2000-04-01,AUS,37770.9,10.539294243857876,262.8000000000029,1118.4000000000015,5.5713932866104665,7.019654371479547
2000-07-01,AUS,37749.2,10.538719562399637,-21.700000000004366,787.2999999999956,,6.668609370190416
2000-10-01,AUS,37504.8,10.532224203767202,-244.39999999999418,16.200000000004366,,2.7850112422386077
2001-01-01,AUS,37722.5,10.538012012387806,217.6999999999971,214.40000000000146,5.383117968240488,5.367843429196654
2001-04-01,AUS,37946.5,10.543932551956674,224.0,175.59999999999854,5.4116460518550396,5.168208681201008
2001-07-01,AUS,38261.7,10.552204674835155,315.1999999999971,512.5,5.753207357983714,6.239300711012564
2001-10-01,AUS,38622.2,10.561582519662997,360.5,1117.3999999999942,5.887491956725004,7.018759837025043
2002-01-01,AUS,38774.8,10.565525830068832,152.60000000000582,1052.300000000003,5.027820118850395,6.958733523746769
2002-04-01,AUS,39373.0,10.580835581187099,598.1999999999971,1426.5,6.393925146195842,7.262979170653555
2002-07-01,AUS,39363.0,10.580581567773825,-10.0,1101.300000000003,,7.004246579170901
2002-10-01,AUS,39572.2,10.585882130508983,209.1999999999971,950.0,5.343290732190754,6.856461984594587
2003-01-01,AUS,39499.4,10.584040760900429,-72.79999999999563,724.5999999999985,,6.585619778460975
2003-04-01,AUS,39587.4,10.586266164793816,88.0,214.40000000000146,4.477336814478207,5.367843429196654
2003-07-01,AUS,40142.2,10.600183429019816,554.7999999999956,779.1999999999971,6.318607688440669,6.658267752328322
2003-10-01,AUS,40734.9,10.614840497850357,592.7000000000044,1162.7000000000044,6.3846883687938,7.058500165674566
2004-01-01,AUS,40896.6,10.618802208991086,161.6999999999971,1397.199999999997,5.085742766583043,7.2422255129326745
2004-04-01,AUS,41104.2,10.623865585044328,207.59999999999854,1516.7999999999956,5.335613151291726,7.324358131500754
2004-07-01,AUS,41275.7,10.628029228063054,171.5,1133.5,5.144583266605995,7.033065469947584
2004-10-01,AUS,41479.1,10.632944964904604,203.40000000000146,744.1999999999971,5.3151744836144665,6.612309815912519
2005-01-01,AUS,41626.1,10.63648265336,147.0,729.5,4.990432586778736,6.592359367962841
2005-04-01,AUS,41729.6,10.638965988109511,103.5,625.4000000000015,4.639571612705423,6.438391445023743
2005-07-01,AUS,42030.3,10.646146065732433,300.70000000000437,754.6000000000058,5.706113089994498,6.626187807530218
2005-10-01,AUS,42226.6,10.650805633202038,196.29999999999563,747.5,5.279644101282393,6.616734305264841
2006-01-01,AUS,42104.8,10.647917027423123,-121.79999999999563,478.70000000000437,,6.171074096398472
2006-04-01,AUS,42092.4,10.647622480808993,-12.400000000001455,362.8000000000029,,5.89385171824099
2006-07-01,AUS,42522.2,10.657781571474876,429.79999999999563,491.8999999999942,6.0633199842084,6.198275443801283
2006-10-01,AUS,42874.4,10.666030190201226,352.20000000000437,647.8000000000029,5.864199196062118,6.473582006737233
2007-01-01,AUS,43245.0,10.674636898740612,370.59999999999854,1140.199999999997,5.915123313851256,7.038958964597479
2007-04-01,AUS,43342.1,10.676879728000475,97.09999999999854,1249.699999999997,4.575741375297264,7.130658801491736
2007-07-01,AUS,43629.0,10.68347734584582,286.90000000000146,1106.800000000003,5.659133722987324,7.009228247912773
2007-10-01,AUS,43627.0,10.683431503726073,-2.0,752.5999999999985,,6.623533878159335
2008-01-01,AUS,43801.9,10.68743247441913,174.90000000000146,556.9000000000015,5.164214382024564,6.322385690595626
2008-04-01,AUS,43723.2,10.685634132658654,-78.70000000000437,381.09999999999854,,5.94306180787981
2008-07-01,AUS,43787.5,10.687103667505742,64.30000000000291,158.5,4.163559631243619,5.065754593317335
2008-10-01,AUS,43382.6,10.677813718038934,-404.90000000000146,-244.40000000000146,,
2009-01-01,AUS,43549.9,10.681662686066762,167.3000000000029,-252.0,5.1197886079927954,
2009-04-01,AUS,43656.1,10.684098299499325,106.19999999999709,-67.09999999999854,4.665324108807811,
2009-07-01,AUS,43612.6,10.683101378413008,-43.5,-174.90000000000146,,
2009-10-01,AUS,43810.5,10.687628793662242,197.90000000000146,427.90000000000146,5.2877618526085275,6.058889523422774
2010-01-01,AUS,43816.2,10.687758890995772,5.69999999999709,266.29999999999563,1.7404661748399939,5.58462349281987
2010-04-01,AUS,43936.7,10.690505240705892,120.5,280.59999999999854,4.791649752930709,5.636930167668355
2010-07-01,AUS,44099.4,10.694201455900206,162.70000000000437,486.8000000000029,5.091908014225019,6.187853361113378
2010-10-01,AUS,44347.5,10.699811616363094,248.09999999999854,537.0,5.513831890697749,6.285998094508865
2011-01-01,AUS,44033.3,10.69270144483975,-314.1999999999971,217.10000000000582,,5.380358076884273
2011-04-01,AUS,44421.8,10.70148561891467,388.5,485.1000000000058,5.962293169807702,6.184355055251183
2011-07-01,AUS,44857.7,10.71125053614011,435.8999999999942,758.2999999999956,6.077412859244333,6.631079085706884
2011-10-01,AUS,45153.7,10.717827504546184,296.0,806.1999999999971,5.69035945432406,6.692331850683062
2012-01-01,AUS,45374.4,10.72270334833923,220.70000000000437,1341.0999999999985,5.39680431326271,7.201245451716893
2012-04-01,AUS,45505.8,10.725595069342582,131.40000000000146,1084.0,4.878246106050521,6.988413181999592
2012-07-01,AUS,45574.3,10.727099240131048,68.5,716.6000000000058,4.22683374526818,6.574517804870862
2012-10-01,AUS,45600.0,10.727662995502477,25.69999999999709,446.3000000000029,3.246490991901061,6.100991371635231
2013-01-01,AUS,45594.6,10.72754456743752,-5.400000000001455,220.1999999999971,,5.394536224288566
2013-04-01,AUS,45604.4,10.727759482075568,9.80000000000291,98.59999999999854,2.282382385676823,4.591071261608575
2013-07-01,AUS,45792.9,10.731884336251088,188.5,218.59999999999854,5.2390980068880655,5.387243575742431
2013-10-01,AUS,46006.8,10.736544490632989,213.90000000000146,406.8000000000029,5.365508616088367,6.008321664174412
2014-01-01,AUS,46146.8,10.739582898415339,140.0,552.2000000000044,4.941642422609304,6.313910299496062
2014-04-01,AUS,46240.4,10.741609153827875,93.59999999999854,636.0,4.539030383483531,6.455198563340122
2014-07-01,AUS,46268.3,10.74221234035727,27.900000000001455,475.40000000000146,3.328626688827372,6.164156554926096
2014-10-01,AUS,46291.4,10.742711477681171,23.099999999998545,284.59999999999854,3.1398326175276847,5.651084685655747
2015-01-01,AUS,46526.5,10.74777732172152,235.09999999999854,379.6999999999971,5.460010955546018,5.939381467237749
2015-04-01,AUS,46446.2,10.74604993249937,-80.30000000000291,205.79999999999563,,5.326904823399928
2015-07-01,AUS,46744.6,10.752454020023878,298.40000000000146,476.29999999999563,5.698434868329611,6.166047907806806
2015-10-01,AUS,46863.6,10.754996533694797,119.0,572.1999999999971,4.77912349311153,6.349488580616005
2016-01-01,AUS,47063.0,10.7592424086558,199.40000000000146,536.5,5.295312857527745,6.285066562070753
2016-04-01,AUS,47203.7,10.762227558331833,140.6999999999971,757.5,4.946629964120323,6.630023537383524
2016-07-01,AUS,47013.9,10.758198581649209,-189.79999999999563,269.3000000000029,,5.595825999817564
2016-10-01,AUS,47358.9,10.7655100429368,345.0,495.3000000000029,5.84354441703136,6.205163639594198
2017-01-01,AUS,47286.6,10.763982236246287,-72.30000000000291,223.59999999999854,,5.409858741280938
2017-04-01,AUS,47420.6,10.766812012428426,134.0,216.90000000000146,4.897839799950911,5.379436417832835
2017-07-01,AUS,47663.2,10.77191489065645,242.59999999999854,649.2999999999956,5.4914139965099436,6.475894859514434
2017-10-01,AUS,47741.6,10.773558414203436,78.40000000000146,382.6999999999971,4.36182392735638,5.947251392431649
2018-01-01,AUS,48009.0,10.7791437723141,267.40000000000146,722.4000000000015,5.588745664667848,6.5825790021027775
2018-04-01,AUS,48206.0,10.783238773619335,197.0,785.4000000000015,5.2832037287379885,6.666193142143911
2018-07-01,AUS,48200.5,10.78312467342887,-5.5,537.3000000000029,,6.286556597734781
2018-10-01,AUS,48174.3,10.782580962818932,-26.19999999999709,432.70000000000437,,6.07004464723085
2019-01-01,AUS,48230.3,10.783742733238572,56.0,221.3000000000029,4.02535169073515,5.399519247057017
2019-04-01,AUS,48247.2,10.78409307399518,16.89999999999418,41.19999999999709,2.8273136219286834,3.71843825635541
2019-07-01,AUS,48309.6,10.785385577654932,62.400000000001455,109.09999999999854,4.133565275375405,4.692264892839011
2019-10-01,AUS,48396.1,10.787174510945704,86.5,221.79999999999563,4.460144413937834,5.401776074916247
2020-01-01,AUS,48102.8,10.781095666457809,-293.29999999999563,-127.5,,
2020-04-01,AUS,44737.7,10.70857182558678,-3365.100000000006,-3509.5,,
2020-07-01,AUS,46407.7,10.745220672722317,1670.0,-1901.9000000000015,7.4205789054108005,
2020-10-01,AUS,48019.3,10.779358292409519,1611.6000000000058,-376.79999999999563,7.384982753317196,
2021-01-01,AUS,49016.8,10.799918375473542,997.5,914.0,6.905252148764019,6.81783057145415
2021-04-01,AUS,49397.0,10.80764497258701,380.1999999999971,4659.300000000003,5.940697430054321,8.446620501244075
2021-07-01,AUS,48432.8,10.787932549129705,-964.1999999999971,2025.1000000000058,,7.613374361037406
2021-10-01,AUS,50213.2,10.824033219322171,1780.3999999999942,2193.899999999994,7.484593337141696,7.693436060945013
2022-01-01,AUS,50320.2,10.826161865929222,107.0,1303.3999999999942,4.672828834461906,7.172731513898276
2022-04-01,AUS,50547.3,10.830664810559213,227.10000000000582,1150.300000000003,5.425390449111538,7.047778056901967
2022-07-01,AUS,50301.5,10.82579017671675,-245.8000000000029,1868.699999999997,,7.532998280928208
2022-10-01,AUS,50415.9,10.828061880497787,114.40000000000146,202.70000000000437,4.739701078945711,5.311727053457976
2023-01-01,AUS,50331.2,10.82638044212476,-84.70000000000437,11.0,,2.3978952727983707
2023-04-01,AUS,50266.0,10.825084183200465,-65.19999999999709,-281.3000000000029,,
2023-07-01,AUS,50041.3,10.82060394346002,-224.6999999999971,-260.1999999999971,,
2023-10-01,AUS,49964.5,10.819068032240915,-76.80000000000291,-451.40000000000146,,
1990-04-01,CAN,32784.4,10.397708071477943,,,,
1990-07-01,CAN,32403.7,10.386027892791244,-380.7000000000007,,,
1990-10-01,CAN,31980.7,10.372887874828816,-423.0,,,
1991-01-01,CAN,31467.2,10.356701012474389,-513.5,,,
1991-04-01,CAN,31534.4,10.35883429243823,67.20000000000073,-1250.0,4.207673247529114,
1991-07-01,CAN,31454.0,10.35628144005067,-80.40000000000146,-949.7000000000007,,
1991-10-01,CAN,31408.5,10.35483383590048,-45.5,-572.2000000000007,,
1992-01-01,CAN,31370.3,10.353616864416011,-38.20000000000073,-96.90000000000146,,
1992-04-01,CAN,31308.0,10.35162893492473,-62.29999999999927,-226.40000000000146,,
1992-07-01,CAN,31364.9,10.353444712258584,56.900000000001455,-89.09999999999854,4.041295341132311,
1992-10-01,CAN,31429.6,10.355505403016387,64.69999999999709,21.099999999998545,4.16976120150681,3.049273040481952
1993-01-01,CAN,31563.3,10.359750332231151,133.70000000000073,193.0,4.895598484107903,5.262690188904886
1993-04-01,CAN,31775.9,10.366463419810742,212.60000000000218,467.90000000000146,5.359412465907858,6.148254597872174
1993-07-01,CAN,31986.0,10.373053586050816,210.09999999999854,621.0999999999985,5.3475836078509476,6.431492099565255
1993-10-01,CAN,32009.1,10.373775516354957,23.099999999998545,579.5,3.1398326175276847,6.362165662779806
1994-01-01,CAN,32425.7,10.38670659723227,416.6000000000022,862.4000000000015,6.032126528826877,6.759719200154734
1994-04-01,CAN,32817.5,10.398717188677562,391.7999999999993,1041.5999999999985,5.970751505510439,6.948513271454304
1994-07-01,CAN,33131.4,10.408236752173519,313.90000000000146,1145.4000000000015,5.749074463847912,7.043509199959758
1994-10-01,CAN,33262.3,10.412179902490717,130.90000000000146,1253.2000000000044,4.874433672915865,7.13345555907804
1995-01-01,CAN,33515.5,10.419763297373898,253.1999999999971,1089.7999999999993,5.53417969027001,6.9937494721489974
1995-04-01,CAN,33449.8,10.417801086465257,-65.69999999999709,632.3000000000029,,6.449363965064572
1995-07-01,CAN,33390.3,10.416020717623304,-59.5,258.90000000000146,,5.556441886757497
1995-10-01,CAN,33417.9,10.416846963550306,27.599999999998545,155.59999999999854,3.3178157727230517,5.047288611744282
1996-01-01,CAN,33408.9,10.416577610534617,-9.0,-106.59999999999854,,
1996-04-01,CAN,33569.9,10.42138511111948,161.0,120.09999999999854,5.081404364984463,4.788324729085926
1996-07-01,CAN,33742.1,10.42650159482699,172.1999999999971,351.79999999999563,5.148656591993613,5.863062832303445
1996-10-01,CAN,33897.3,10.43109064417893,155.20000000000437,479.40000000000146,5.044714607749147,6.172535322000287
1997-01-01,CAN,34301.4,10.442941448647598,404.09999999999854,892.5,6.001662372084424,6.794026513653794
1997-04-01,CAN,34610.1,10.451900825963557,308.6999999999971,1040.199999999997,5.732369931508104,6.9471682813389695
1997-07-01,CAN,34917.5,10.460743415179927,307.40000000000146,1175.4000000000015,5.7281498311045,7.069363794178551
1997-10-01,CAN,35150.5,10.467394121888708,233.0,1253.199999999997,5.4510384535657,7.133455559078034
1998-01-01,CAN,35606.8,10.480291909835753,456.3000000000029,1305.4000000000015,6.123150487933363,7.174264786201118
1998-04-01,CAN,35564.4,10.479100416506538,-42.400000000001455,954.3000000000029,,6.860978087423211
1998-07-01,CAN,35799.2,10.485680825770393,234.79999999999563,881.6999999999971,5.458734087953923,6.781851862092978
1998-10-01,CAN,36192.5,10.496607194028199,393.3000000000029,1042.0,5.974572679437771,6.948897222313312
1999-01-01,CAN,36811.3,10.51356014223954,618.8000000000029,1204.5,6.427782118698916,7.093819822054926
1999-04-01,CAN,37048.1,10.519972347357982,236.79999999999563,1483.699999999997,5.467215903009833,7.302294246956746
1999-07-01,CAN,37521.6,10.532672046134175,473.5,1722.4000000000015,6.160151912626133,7.451473946050154
1999-10-01,CAN,37934.0,10.543603086544268,412.40000000000146,1741.5,6.021993752142809,7.462502089806056
2000-01-01,CAN,38485.3,10.558031629182937,551.3000000000029,1674.0,6.312279125595643,7.422971251049421
2000-04-01,CAN,38851.5,10.567501965089056,366.1999999999971,1803.4000000000015,5.903179632240402,7.497429051065807
2000-07-01,CAN,39132.5,10.574708602762378,281.0,1610.9000000000015,5.638354669333745,7.384548308003921
2000-10-01,CAN,39084.7,10.573486365046106,-47.80000000000291,1150.699999999997,,7.04812573182941
2001-01-01,CAN,39253.1,10.577785700983448,168.40000000000146,767.7999999999956,5.126342101808235,6.643529282566692
2001-04-01,CAN,39266.3,10.578121923627135,13.200000000004366,414.8000000000029,2.580216829592656,6.0277964763553795
2001-07-01,CAN,39099.8,10.573872630870861,-166.5,-32.69999999999709,,
2001-10-01,CAN,39197.8,10.57637590175465,98.0,113.10000000000582,4.584967478670572,4.7282723831221265
2002-01-01,CAN,39719.8,10.589605082899705,522.0,466.70000000000437,6.257667587882639,6.14568665295578
2002-04-01,CAN,39847.4,10.592812437422332,127.59999999999854,581.0999999999985,4.848900370910678,6.364922859081058
2002-07-01,CAN,40055.4,10.598018774868235,208.0,955.5999999999985,5.337538079701318,6.862339415451653
2002-10-01,CAN,40158.3,10.600584422792352,102.90000000000146,960.5,4.633757642840018,6.867453982208612
2003-01-01,CAN,40344.9,10.605220271657648,186.59999999999854,625.0999999999985,5.228967288413235,6.4379116369377645
2003-04-01,CAN,40197.1,10.601550132701465,-147.8000000000029,349.6999999999971,,5.8570756440693215
2003-07-01,CAN,40228.6,10.60233346443773,31.5,173.1999999999971,3.449987545831587,5.154446996128318
2003-10-01,CAN,40385.6,10.606228564767394,157.0,227.29999999999563,5.056245805348308,5.426270730858478
2004-01-01,CAN,40628.6,10.612227531090543,243.0,283.6999999999971,5.493061443340548,5.647917341814796
2004-04-01,CAN,41020.9,10.621836971902503,392.3000000000029,823.8000000000029,5.972026853215515,6.713927782001984
2004-07-01,CAN,41383.6,10.630639946065404,362.6999999999971,1155.0,5.893576046288849,7.051855622955894
2004-10-01,CAN,41553.0,10.634724999843208,169.40000000000146,1167.4000000000015,5.132262782217962,7.062534332769692
2005-01-01,CAN,41650.6,10.637071053253532,97.59999999999854,1022.0,4.580877493419032,6.92951677076365
2005-04-01,CAN,41866.1,10.64223170922468,215.5,845.1999999999971,5.372960909543803,6.739573285741899
2005-07-01,CAN,42239.2,10.651103978806852,373.09999999999854,855.5999999999985,5.921846480227108,6.751802977208249
2005-10-01,CAN,42512.9,10.65756283826854,273.70000000000437,959.9000000000015,5.612032616046649,6.8668291123694924
2006-01-01,CAN,42803.0,10.6643634725714,290.09999999999854,1152.4000000000015,5.670225691127353,7.049602003210374
2006-04-01,CAN,42725.2,10.662544189072893,-77.80000000000291,859.0999999999985,,6.755885329644009
2006-07-01,CAN,42712.6,10.662249237655809,-12.599999999998545,473.40000000000146,,6.159940697079887
2006-10-01,CAN,42738.8,10.662862451735881,26.200000000004366,225.90000000000146,3.2657594107672177,5.420092423473964
2007-01-01,CAN,42962.9,10.668092231559903,224.09999999999854,159.90000000000146,5.412092380806874,5.074548619839917
2007-04-01,CAN,43287.7,10.675623808971444,324.79999999999563,562.5,5.7832096082875095,6.332391134078575
2007-07-01,CAN,43313.9,10.676228878642197,26.200000000004366,601.3000000000029,3.2657594107672177,6.399093978045528
2007-10-01,CAN,43222.3,10.674111844748607,-91.59999999999854,483.5,,6.181051314893349
2008-01-01,CAN,43191.4,10.673396680340254,-30.900000000001455,228.5,,5.43153621033426
2008-04-01,CAN,43247.9,10.674703956267903,56.5,-39.799999999995634,4.034240638152395,
2008-07-01,CAN,43446.0,10.679274066616875,198.09999999999854,132.09999999999854,5.288771953704498,4.883559211528269
2008-10-01,CAN,42780.2,10.663830657707281,-665.8000000000029,-442.1000000000058,,
2009-01-01,CAN,41746.3,10.639366103597283,-1033.8999999999942,-1445.0999999999985,,
2009-04-01,CAN,41191.8,10.62599448640248,-554.5,-2056.0999999999985,,
2009-07-01,CAN,41231.1,10.626948104947283,39.299999999995634,-2214.9000000000015,3.6712245188751043,
2009-10-01,CAN,41551.4,10.634686494060116,320.3000000000029,-1228.7999999999956,5.769258056615121,
2010-01-01,CAN,41992.1,10.645236784335282,440.6999999999971,245.79999999999563,6.088364371847935,5.504518197131917
2010-04-01,CAN,42110.5,10.648052394749694,118.40000000000146,918.6999999999971,4.774068722449917,6.822959627277418
2010-07-01,CAN,42261.4,10.651629418874988,150.90000000000146,1030.300000000003,5.016617365773813,6.9376053009510255
2010-10-01,CAN,42576.9,10.659067131663726,315.5,1025.5,5.754158681981268,6.932935577512436
2011-01-01,CAN,42858.4,10.665656937486144,281.5,866.3000000000029,5.640132447579745,6.764231268896098
2011-04-01,CAN,42856.0,10.665600937560797,-2.400000000001455,745.5,,6.6140551342047935
2011-07-01,CAN,43304.9,10.676021071560308,448.90000000000146,1043.5,6.10680014578789,6.950335726517255
2011-10-01,CAN,43498.9,10.680490929400722,194.0,922.0,5.267858159063328,6.826545223556594
2012-01-01,CAN,43452.9,10.679432871849496,-46.0,594.5,,6.387720716130836
2012-04-01,CAN,43498.1,10.680472537961938,45.19999999999709,642.0999999999985,3.8110970868381213,6.464744054800001
2012-07-01,CAN,43405.6,10.678343744022614,-92.5,100.69999999999709,,4.6121457997244875
2012-10-01,CAN,43343.1,10.676902799989698,-62.5,-155.8000000000029,,
2013-01-01,CAN,43672.4,10.684471602606314,329.3000000000029,219.5,5.796969189382327,5.391352232515226
2013-04-01,CAN,43829.9,10.68807151186793,157.5,331.8000000000029,5.059425458265688,5.8045323777563524
2013-07-01,CAN,44033.6,10.692708257842137,203.6999999999971,628.0,5.316648323232746,6.4425401664681985
2013-10-01,CAN,44331.9,10.699459787186061,298.3000000000029,988.8000000000029,5.698099691520713,6.89649208670343
2014-01-01,CAN,44359.7,10.70008667859202,27.799999999995634,687.2999999999956,3.3250360206964342,6.532770878127553
2014-04-01,CAN,44670.9,10.70707756189337,311.20000000000437,841.0,5.74043579230425,6.734591659972948
2014-07-01,CAN,44954.6,10.713408370592612,283.6999999999971,921.0,5.647917341814796,6.825460036255307
2014-10-01,CAN,45111.0,10.716881398190429,156.40000000000146,779.0999999999985,5.05241682811122,6.658139407336811
2015-01-01,CAN,44840.0,10.710855877186097,-271.0,480.3000000000029,,6.174410908670785
2015-04-01,CAN,44672.7,10.707117855770049,-167.3000000000029,1.7999999999956344,,0.5877866648996937
2015-07-01,CAN,44709.9,10.707950232589425,37.200000000004366,-244.6999999999971,3.6163087612792184,
2015-10-01,CAN,44590.8,10.705282838703011,-119.09999999999854,-520.1999999999971,,
2016-01-01,CAN,44794.8,10.709847340237696,204.0,-45.19999999999709,5.318119993844216,
2016-04-01,CAN,44449.1,10.702099993268002,-345.70000000000437,-223.59999999999854,,
2016-07-01,CAN,44735.7,10.708527119562413,286.59999999999854,25.799999999995634,5.658087515394066,3.2503744919274027
2016-10-01,CAN,44804.8,10.710070555520833,69.10000000000582,214.0,4.235554730773709,5.365976015021851
2017-01-01,CAN,45299.0,10.72104023617228,494.1999999999971,504.1999999999971,6.202940293554504,6.222973014753814
2017-04-01,CAN,45670.1,10.729199095797844,371.09999999999854,1221.0,5.916471568066548,7.107425474110705
2017-07-01,CAN,45499.5,10.725456615867673,-170.59999999999854,763.8000000000029,,6.63830597479142
2017-10-01,CAN,45509.9,10.725685163689002,10.400000000001455,705.0999999999985,2.341805806147467,6.558339636724993
2018-01-01,CAN,45939.5,10.735080592422433,429.59999999999854,640.5,6.062854543194652,6.4622491213367885
2018-04-01,CAN,46169.8,10.740081183674455,230.3000000000029,499.70000000000437,5.439382806826652,6.214007918350168
2018-07-01,CAN,46191.2,10.74054458273646,21.39999999999418,691.6999999999971,3.063390922027534,6.539152335606535
2018-10-01,CAN,46067.8,10.737869503371021,-123.39999999999418,557.9000000000015,,6.324179734851485
2019-01-01,CAN,46082.9,10.738197227417288,15.099999999998545,143.40000000000146,2.7146947438207825,4.96563792816553
2019-04-01,CAN,46462.6,10.74640296687653,379.6999999999971,292.79999999999563,5.939381467237749,5.679489782087142
2019-07-01,CAN,46368.0,10.744364845120408,-94.59999999999854,176.8000000000029,,5.17501915020356
2019-10-01,CAN,46242.6,10.741656730139205,-125.40000000000146,174.79999999999563,,5.16364246322141
2020-01-01,CAN,45221.3,10.719323493760177,-1021.2999999999956,-861.5999999999985,,
2020-04-01,CAN,40163.7,10.60071888159587,-5057.600000000006,-6298.9000000000015,,
2020-07-01,CAN,43786.9,10.687089964871182,3623.2000000000044,-2581.0999999999985,8.195112892242005,
2020-10-01,CAN,44610.9,10.70573350276749,824.0,-1631.699999999997,6.714170529909472,
2021-01-01,CAN,45216.5,10.71921734345567,605.5999999999985,-4.80000000000291,6.406219702123237,
2021-04-01,CAN,44977.8,10.713924313690198,-238.6999999999971,4814.100000000006,,8.479304390873425
2021-07-01,CAN,45615.2,10.727996273292598,637.3999999999942,1828.2999999999956,6.4573974019832265,7.511141852334457
2021-10-01,CAN,46076.1,10.738049656371327,460.90000000000146,1465.199999999997,6.133181099726466,7.289747030904658
2022-01-01,CAN,46378.9,10.74459989340882,302.8000000000029,1162.4000000000015,5.713072521563303,7.058242112256075
2022-04-01,CAN,46674.3,10.750948970975555,295.40000000000146,1696.5,5.688330370097284,7.436322584224285
2022-07-01,CAN,46580.4,10.748935130778017,-93.90000000000146,965.2000000000044,,6.872335333750881
2022-10-01,CAN,46081.2,10.73816033669736,-499.20000000000437,5.099999999998545,,1.6292405397299947
2023-01-01,CAN,46210.8,10.740968815984528,129.60000000000582,-168.09999999999854,4.864452783918219,
2023-04-01,CAN,46009.5,10.736603175887684,-201.3000000000029,-664.8000000000029,,
2023-07-01,CAN,45565.0,10.726895156930228,-444.5,-1015.4000000000015,,
2023-10-01,CAN,45089.2,10.716398028964543,-475.8000000000029,-992.0,,
2024-01-01,CAN,45007.4,10.714582199677396,-81.79999999999563,-1203.4000000000015,,
1991-01-01,CHE,53868.4,10.894299314101136,,,,
1991-04-01,CHE,53271.8,10.883162389465946,-596.5999999999985,,,
1991-07-01,CHE,53202.7,10.881864425921602,-69.10000000000582,,,
1991-10-01,CHE,53349.9,10.884627382313898,147.20000000000437,,4.9917922062948055,
1992-01-01,CHE,53203.4,10.88187758306203,-146.5,-665.0,,
1992-04-01,CHE,53099.9,10.879930323989086,-103.5,-171.90000000000146,,
1992-07-01,CHE,52566.6,10.869836216051398,-533.3000000000029,-636.0999999999985,,
1992-10-01,CHE,52182.3,10.862498635910182,-384.29999999999563,-1167.5999999999985,,
1993-01-01,CHE,51638.1,10.852015051100114,-544.2000000000044,-1565.300000000003,,
1993-04-01,CHE,52208.0,10.862991018833101,569.9000000000015,-891.9000000000015,6.345460906840956,
1993-07-01,CHE,52386.0,10.866394659038862,178.0,-180.59999999999854,5.181783550292085,
1993-10-01,CHE,52602.5,10.870518926113467,216.5,420.1999999999971,5.377590547442544,6.040730788410893
1994-01-01,CHE,52513.1,10.868817941263352,-89.40000000000146,875.0,,6.774223886357614
1994-04-01,CHE,52001.6,10.85902976632097,-511.5,-206.40000000000146,,
1994-07-01,CHE,52524.6,10.869036910262976,523.0,138.59999999999854,6.259581464064923,4.931592086755792
1994-10-01,CHE,52822.4,10.874690622153222,297.8000000000029,219.90000000000146,5.696422120249919,5.3931728975607225
1995-01-01,CHE,51888.0,10.8568428285471,-934.4000000000015,-625.0999999999985,,
1995-04-01,CHE,51865.2,10.856403324023537,-22.80000000000291,-136.40000000000146,,
1995-07-01,CHE,52134.7,10.861586032915396,269.5,-389.90000000000146,5.596568390349052,
1995-10-01,CHE,52008.8,10.859168214014884,-125.89999999999418,-813.5999999999985,,
1996-01-01,CHE,52145.5,10.861793167156385,136.6999999999971,257.5,4.917788743729883,5.551019720103791
1996-04-01,CHE,51891.3,10.856906425044688,-254.1999999999971,26.10000000000582,,3.2619353143288707
1996-07-01,CHE,51831.2,10.85574756353005,-60.10000000000582,-303.5,,
1996-10-01,CHE,52021.8,10.859418140480129,190.60000000000582,13.0,5.250176991220132,2.5649493574615367
1997-01-01,CHE,52575.3,10.870001706688715,553.5,429.8000000000029,6.316261752148692,6.063319984208417
1997-04-01,CHE,52639.8,10.871227766599883,64.5,748.5,4.1666652238017265,6.618071203859683
1997-07-01,CHE,53188.1,10.881589966098165,548.2999999999956,1356.9000000000015,6.306822582409994,7.212957965151908
1997-10-01,CHE,53517.2,10.887758376542651,329.09999999999854,1495.3999999999942,5.79636165594929,7.310149008565811
1998-01-01,CHE,54036.7,10.897418724332411,519.5,1461.3999999999942,6.252866810539282,7.287150159357114
1998-04-01,CHE,54569.1,10.907223067465933,532.4000000000015,1929.2999999999956,6.27739508652096,7.564912521808925
1998-07-01,CHE,54499.2,10.905941301644516,-69.90000000000146,1311.0999999999985,,7.178621758505355
1998-10-01,CHE,54326.8,10.902772938491958,-172.39999999999418,809.6000000000058,,6.6965402985332085
1999-01-01,CHE,54329.4,10.90282079586228,2.599999999998545,292.70000000000437,0.9555114450268767,5.679148193697855
1999-04-01,CHE,54596.8,10.907730551956869,267.40000000000146,27.700000000004366,5.588745664667848,3.3214324131934503
1999-07-01,CHE,54833.3,10.912052952616534,236.5,334.1000000000058,5.465948207931988,5.811440349362728
1999-10-01,CHE,56051.7,10.934029758102803,1218.3999999999942,1724.8999999999942,7.105293801580947,7.45292435677058
2000-01-01,CHE,56376.8,10.939813005341822,325.1000000000058,2047.4000000000015,5.784132827309878,7.6243259744856715
2000-04-01,CHE,56530.1,10.94252851864,153.29999999999563,1933.2999999999956,5.03239678587774,7.566983666338454
2000-07-01,CHE,57033.1,10.951387080029054,503.0,2199.7999999999956,6.220590170099739,7.696121726123014
2000-10-01,CHE,57705.8,10.963112967375077,672.7000000000044,1654.1000000000058,6.511299465031566,7.411012333248179
2001-01-01,CHE,57545.6,10.960332955970877,-160.20000000000437,1168.7999999999956,,7.063732860436486
2001-04-01,CHE,57728.9,10.963513193655535,183.3000000000029,1198.800000000003,5.211124154845675,7.089076335442511
2001-07-01,CHE,57642.0,10.962006747637794,-86.90000000000146,608.9000000000015,,6.411654050614531
2001-10-01,CHE,57294.0,10.955951185178257,-348.0,-411.8000000000029,,
2002-01-01,CHE,57231.6,10.954861472377367,-62.400000000001455,-314.0,,
2002-04-01,CHE,57280.0,10.955706801634527,48.400000000001455,-448.90000000000146,3.879499813722616,
2002-07-01,CHE,57139.5,10.953250925308957,-140.5,-502.5,,
2002-10-01,CHE,56769.0,10.94674568107216,-370.5,-525.0,,
2003-01-01,CHE,56440.3,10.940938721331788,-328.6999999999971,-791.2999999999956,,
2003-04-01,CHE,56195.1,10.936584843468534,-245.20000000000437,-1084.9000000000015,,
2003-07-01,CHE,56696.8,10.945473050733423,501.70000000000437,-442.6999999999971,6.218002331490216,
2003-10-01,CHE,57254.0,10.955252787971395,557.1999999999971,485.0,6.322924241905645,6.184148890937483
2004-01-01,CHE,57467.3,10.958971369364562,213.3000000000029,1027.0,5.362699625477319,6.934397209928558
2004-04-01,CHE,57856.1,10.965714172179558,388.79999999999563,1661.0,5.963065072586272,7.415175109613295
2004-07-01,CHE,57714.4,10.963261988084033,-141.6999999999971,1017.5999999999985,,6.925202192585856
2004-10-01,CHE,57754.6,10.963958278891507,40.19999999999709,500.59999999999854,3.693866995624903,6.215807378997671
2005-01-01,CHE,58165.0,10.971039078250866,410.40000000000146,697.6999999999971,6.017132293856563,6.5477892109451865
2005-04-01,CHE,58707.9,10.980329579384268,542.9000000000015,851.8000000000029,6.296925140911408,6.747351757489117
2005-07-01,CHE,59268.5,10.989833246548692,560.5999999999985,1554.0999999999985,6.329007638730685,7.348651878921565
2005-10-01,CHE,59806.9,10.998876317897816,538.4000000000015,2052.300000000003,6.288601778330521,7.626716394435063
2006-01-01,CHE,60445.6,11.00949906596618,638.6999999999971,2280.5999999999985,6.459434860567539,7.732193845223257
2006-04-01,CHE,60856.1,11.016267339899134,410.5,2148.199999999997,6.017375928892483,7.672385561163945
2006-07-01,CHE,61147.3,11.021040986420154,291.20000000000437,1878.800000000003,5.674010316322546,7.538388554152841
2006-10-01,CHE,61805.8,11.031752490174727,658.5,1998.9000000000015,6.489964521183336,7.600352308236602
2007-01-01,CHE,61985.5,11.034655765707408,179.6999999999971,1539.9000000000015,5.191288793789497,7.339472758234368
2007-04-01,CHE,62851.3,11.048526897973135,865.8000000000029,1995.2000000000044,6.763653935007883,7.598499574925774
2007-07-01,CHE,63199.3,11.054048504124243,348.0,2052.0,5.8522024797744745,7.62657020629066
2007-10-01,CHE,63535.1,11.059347788073023,335.79999999999563,1729.2999999999956,5.816515744643428,7.455471981331874
2008-01-01,CHE,63901.4,11.065096549358799,366.3000000000029,1915.9000000000015,5.903452669784777,7.557942765101948
2008-04-01,CHE,64446.1,11.073584494511582,544.6999999999971,1594.7999999999956,6.300235184389623,7.374503615507197
2008-07-01,CHE,64572.6,11.075545451187418,126.5,1373.2999999999956,4.840242308167575,7.224971881536233
2008-10-01,CHE,62400.2,11.041323759480587,-2172.4000000000015,-1134.9000000000015,,
2009-01-01,CHE,61106.9,11.020380068407185,-1293.2999999999956,-2794.5,,
2009-04-01,CHE,61278.5,11.023184326308098,171.59999999999854,-3167.5999999999985,5.145166187053854,
2009-07-01,CHE,62015.7,11.035142857777437,737.1999999999971,-2556.9000000000015,6.602859225795664,
2009-10-01,CHE,62245.0,11.038833489815886,229.3000000000029,-155.1999999999971,5.435031189863872,
2010-01-01,CHE,62720.9,11.046450004411133,475.90000000000146,1614.0,6.1652077481270675,7.3864708488298945
2010-04-01,CHE,63058.1,11.051811802610246,337.1999999999971,1779.5999999999985,5.820676226127691,7.484143898931886
2010-07-01,CHE,63239.7,11.054687547479139,181.59999999999854,1224.0,5.201806466167185,7.1098794630722715
2010-10-01,CHE,63588.8,11.060192633191747,349.1000000000058,1343.800000000003,5.855358414111007,7.203256700486052
2011-01-01,CHE,63874.6,11.064677065255477,285.79999999999563,1153.699999999997,5.655292265495752,7.050729447933241
2011-04-01,CHE,64100.3,11.068204323085016,225.70000000000437,1042.2000000000044,5.41920668382351,6.949089142475119
2011-07-01,CHE,63707.7,11.06206071337584,-392.6000000000058,468.0,,6.148468295917647
2011-10-01,CHE,63436.8,11.057799413674605,-270.8999999999942,-152.0,,
2012-01-01,CHE,63704.2,11.062005773452634,267.3999999999942,-170.40000000000146,5.588745664667821,
2012-04-01,CHE,63743.7,11.062625634607894,39.5,-356.6000000000058,3.676300671907076,
2012-07-01,CHE,64144.0,11.068885834882288,400.3000000000029,436.3000000000029,5.992214265998535,6.078330080129571
2012-10-01,CHE,63807.2,11.063621315630074,-336.8000000000029,370.3999999999942,,5.914583502772008
2013-01-01,CHE,63980.0,11.066325813503509,172.8000000000029,275.8000000000029,5.1521348563699725,5.619675965359212
2013-04-01,CHE,64272.3,11.070884024250605,292.3000000000029,528.6000000000058,5.67778067211721,6.2702320021702
2013-07-01,CHE,64516.3,11.074673184035563,244.0,372.3000000000029,5.497168225293202,5.919699980878679
2013-10-01,CHE,64318.5,11.07160258268539,-197.8000000000029,511.3000000000029,,6.23695650208596
2014-01-01,CHE,64590.4,11.075821071916462,271.90000000000146,610.4000000000015,5.60543435163843,6.41411447997025
2014-04-01,CHE,64935.7,11.081152828496867,345.29999999999563,663.3999999999942,5.844413604395934,6.4973781265129436
2014-07-01,CHE,65112.4,11.08387028624885,176.70000000000437,596.0999999999985,5.1744533793256755,6.390408438225879
2014-10-01,CHE,65209.5,11.085360442822198,97.09999999999854,891.0,4.575741375297264,6.792344427470809
2015-01-01,CHE,64986.3,11.081931757432049,-223.1999999999971,395.90000000000146,,5.981161654112088
2015-04-01,CHE,65101.5,11.083702869405863,115.19999999999709,165.8000000000029,4.746669748261765,5.110782242701212
2015-07-01,CHE,65257.2,11.086091663924984,155.6999999999971,144.79999999999563,5.047931078839934,4.975353479951586
2015-10-01,CHE,65404.2,11.088341755566749,147.0,194.6999999999971,4.990432586778736,5.271459912378139
2016-01-01,CHE,65525.5,11.090194658837808,121.30000000000291,539.1999999999971,4.798266815950028,6.290086559598092
2016-04-01,CHE,65810.8,11.094539237583541,285.3000000000029,709.3000000000029,5.653541258219464,6.564278568208045
2016-07-01,CHE,66051.7,11.098193047696467,240.89999999999418,794.5,5.484381909620802,6.677712985976771
2016-10-01,CHE,65933.8,11.096406487334011,-117.89999999999418,529.6000000000058,,6.272122004622809
2017-01-01,CHE,65887.4,11.095702503423741,-46.40000000000873,361.8999999999942,,5.891367930569681
2017-04-01,CHE,65919.7,11.096192613602124,32.30000000000291,108.89999999999418,3.475067230228701,4.690430029938861
2017-07-01,CHE,66145.5,11.099612140018262,225.8000000000029,93.80000000000291,5.419649651715575,4.54116485601221
2017-10-01,CHE,66691.2,11.10782828916667,545.6999999999971,757.3999999999942,6.302069374192181,6.629891515467687
2018-01-01,CHE,67289.4,11.116757999513096,598.1999999999971,1402.0,6.393925146195842,7.2456550675945355
2018-04-01,CHE,67915.4,11.126018091954332,626.0,1995.699999999997,6.439350371100098,7.5987501449739385
2018-07-01,CHE,67529.5,11.120319818424788,-385.8999999999942,1384.0,,7.232733136177615
2018-10-01,CHE,67521.4,11.120199863652036,-8.10000000000582,830.1999999999971,,6.721666635618935
2019-01-01,CHE,67518.4,11.120155432306603,-3.0,229.0,,5.43372200355424
2019-04-01,CHE,67773.5,11.123926542067357,255.10000000000582,-141.89999999999418,5.541655625147788,
2019-07-01,CHE,67956.1,11.12661718744113,182.60000000000582,426.6000000000058,5.2072979681609,6.055846806037263
2019-10-01,CHE,68177.2,11.129865477086783,221.09999999999127,655.8000000000029,5.398615087863361,6.485855864410552
2020-01-01,CHE,67114.1,11.114149435012857,-1063.0999999999913,-404.29999999998836,,
2020-04-01,CHE,62561.3,11.043902155054441,-4552.800000000003,-5212.199999999997,,
2020-07-01,CHE,66714.3,11.10817460172846,4153.0,-1241.800000000003,8.331586243630754,
2020-10-01,CHE,66884.4,11.110721035068234,170.09999999999127,-1292.800000000003,5.136386499401765,
2021-01-01,CHE,67021.3,11.112765758298046,136.90000000000873,-92.80000000000291,4.919250732294467,
2021-04-01,CHE,68612.4,11.136228555396707,1591.0999999999913,6051.099999999991,7.372180879913805,8.70799535267978
2021-07-01,CHE,69906.6,11.154915344365415,1294.2000000000116,3192.300000000003,7.1656480226231745,8.068496939115796
2021-10-01,CHE,69901.5,11.154842387219123,-5.100000000005821,3017.100000000006,,8.012051384118546
2022-01-01,CHE,69749.3,11.15266266379096,-152.1999999999971,2728.0,,7.911324018963353
2022-04-01,CHE,70242.7,11.15971166720575,493.3999999999942,1630.300000000003,6.201320204095245,7.396519325945611
2022-07-01,CHE,70286.1,11.160329334208953,43.40000000000873,379.5,3.7704594411065604,5.938854596835685
2022-10-01,CHE,70119.3,11.157953356098862,-166.8000000000029,217.8000000000029,,5.383577210498873
2023-01-01,CHE,69941.3,11.15541159780522,-178.0,192.0,,5.2574953720277815
2023-04-01,CHE,69470.5,11.1486574810124,-470.8000000000029,-772.1999999999971,,
2023-07-01,CHE,69431.2,11.148091613192948,-39.30000000000291,-854.9000000000087,,
2023-10-01,CHE,69440.8,11.148229870005196,9.60000000000582,-678.5,2.261763098474397,
2024-01-01,CHE,69594.3,11.150437946417082,153.5,-347.0,5.033700567027251,
1991-01-01,DEU,36185.2,10.496405474437088,,,,
1991-04-01,DEU,35983.9,10.490826895182341,-201.29999999999563,,,
1991-07-01,DEU,35867.3,10.487581295878377,-116.59999999999854,,,
1991-10-01,DEU,36314.0,10.499958620830613,446.6999999999971,,6.101887228358066,
1992-01-01,DEU,36772.7,10.512511001025672,458.6999999999971,587.5,6.12839640160312,6.375876246018314
1992-04-01,DEU,36487.3,10.504719533818125,-285.3999999999942,503.40000000000146,,6.221385082701218
1992-07-01,DEU,36309.1,10.499823677541013,-178.20000000000437,441.79999999999563,,6.090857290986007
1992-10-01,DEU,36130.6,10.494895430701831,-178.5,-183.40000000000146,,
1993-01-01,DEU,35809.0,10.485954537441994,-321.59999999999854,-963.6999999999971,,
1993-04-01,DEU,35779.0,10.485116408097518,-30.0,-708.3000000000029,,
1993-07-01,DEU,35952.2,10.48994555738249,173.1999999999971,-356.90000000000146,5.154446996128318,
1993-10-01,DEU,35916.8,10.488960431587978,-35.39999999999418,-213.79999999999563,,
1994-01-01,DEU,36376.3,10.501672742666791,459.5,567.3000000000029,6.1301389417957415,6.340888264332527
1994-04-01,DEU,36573.6,10.50708194764376,197.29999999999563,794.5999999999985,5.284725413028547,6.6778388433804965
1994-07-01,DEU,36778.5,10.512668714292404,204.90000000000146,826.3000000000029,5.322522055244861,6.716957903707142
1994-10-01,DEU,37180.2,10.523531640497115,401.6999999999971,1263.3999999999942,5.995705541365229,7.141561778464595
1995-01-01,DEU,37005.6,10.518824531525253,-174.59999999999854,629.2999999999956,,6.444608090532881
1995-04-01,DEU,37288.2,10.52643220169406,282.59999999999854,714.5999999999985,5.644032470250422,6.571722945589308
1995-07-01,DEU,37325.9,10.527442734641806,37.700000000004366,547.4000000000015,3.629660094454081,6.3051797966065815
1995-10-01,DEU,37316.6,10.52719354684536,-9.30000000000291,136.40000000000146,,4.9155917454093725
1996-01-01,DEU,37038.8,10.519721290827102,-277.79999999999563,33.200000000004366,,3.502549875922574
1996-04-01,DEU,37541.6,10.533204930436291,502.79999999999563,253.40000000000146,6.220192476716083,5.534969267887044
1996-07-01,DEU,37654.8,10.536215715141715,113.20000000000437,328.90000000000146,4.729156165769121,5.795753753195016
1996-10-01,DEU,37984.1,10.544922930093376,329.29999999999563,667.5,5.796969189382305,6.503539390274405
1997-01-01,DEU,37801.1,10.540093481713367,-183.0,762.2999999999956,,6.636340178994223
1997-04-01,DEU,38219.6,10.551103752014747,418.5,678.0,6.03667688992953,6.519147287940395
1997-07-01,DEU,38359.8,10.554765315219445,140.20000000000437,705.0,4.943069974600521,6.558197802812269
1997-10-01,DEU,38667.0,10.562741802072889,307.1999999999971,682.9000000000015,5.727499001273507,6.526348435967046
1998-01-01,DEU,39038.5,10.572303617657733,371.5,1237.4000000000015,5.917548864157814,7.12076768309689
1998-04-01,DEU,38871.6,10.568019185849629,-166.90000000000146,652.0,,6.480044561926653
1998-07-01,DEU,39071.1,10.5731383422471,199.5,711.2999999999956,5.295814236329918,6.567094281739464
1998-10-01,DEU,39072.1,10.573163936284715,1.0,405.09999999999854,0.0,6.004133950208641
1999-01-01,DEU,39535.8,10.5849618695349,463.70000000000437,497.3000000000029,6.1392377913974245,6.209193465720698
1999-04-01,DEU,39480.3,10.583557092302742,-55.5,608.7000000000044,,6.411325535499886
1999-07-01,DEU,40000.8,10.596654732896075,520.5,929.7000000000044,6.254789888055024,6.834861953461817
1999-10-01,DEU,40188.7,10.601341140565278,187.89999999999418,1116.5999999999985,5.235909906419389,7.0180436328762585
2000-01-01,DEU,40817.7,10.616871089847445,629.0,1281.8999999999942,6.444131256700441,7.156098631318084
2000-04-01,DEU,41132.3,10.624548979913847,314.6000000000058,1652.0,5.751301990624196,7.409741954080923
2000-07-01,DEU,41154.9,10.625098275565376,22.599999999998545,1154.0999999999985,3.117949906278176,7.051076098426358
2000-10-01,DEU,40978.0,10.620790616307145,-176.90000000000146,789.3000000000029,,6.671146476714361
2001-01-01,DEU,41853.7,10.641935483001237,875.6999999999971,1036.0,6.7750235665281755,6.943122422819428
2001-04-01,DEU,41718.1,10.638690366371039,-135.59999999999854,585.7999999999956,,6.372978434393626
2001-07-01,DEU,41700.3,10.638263602005619,-17.799999999995634,545.4000000000015,,6.301519470411491
2001-10-01,DEU,41561.9,10.634939161203784,-138.40000000000146,583.9000000000015,,6.369729735289495
2002-01-01,DEU,41379.5,10.630540868094585,-182.40000000000146,-474.1999999999971,,
2002-04-01,DEU,41519.5,10.63391847537805,140.0,-198.59999999999854,4.941642422609304,
2002-07-01,DEU,41803.0,10.640723386272409,283.5,102.69999999999709,5.647212123167807,4.631812116934484
2002-10-01,DEU,41692.0,10.638064542859214,-111.0,130.09999999999854,,4.868303385518448
2003-01-01,DEU,41134.3,10.624597602319549,-557.6999999999971,-245.1999999999971,,
2003-04-01,DEU,41193.9,10.626045466123486,59.599999999998545,-325.59999999999854,4.087655574071279,
2003-07-01,DEU,41579.4,10.63536013129346,385.5,-223.59999999999854,5.954541193003384,
2003-10-01,DEU,41641.1,10.636842939286804,61.69999999999709,-50.900000000001455,4.122283930911295,
2004-01-01,DEU,41599.0,10.635831407498888,-42.099999999998545,464.6999999999971,,6.141392036090926
2004-04-01,DEU,41848.7,10.641816012113761,249.6999999999971,654.7999999999956,5.520260197285716,6.4843298454969736
2004-07-01,DEU,41728.3,10.63893483467766,-120.39999999999418,148.90000000000146,,5.003274939689973
2004-10-01,DEU,41723.2,10.638812607994943,-5.100000000005821,82.09999999999854,,4.407938016458365
2005-01-01,DEU,41816.8,10.641053451642698,93.60000000000582,217.8000000000029,4.539030383483609,5.383577210498873
2005-04-01,DEU,42061.9,10.646897621797974,245.09999999999854,213.20000000000437,5.501666290534061,5.36223069229171
2005-07-01,DEU,42422.6,10.655436518083874,360.6999999999971,694.2999999999956,5.888046587909486,6.5429041437592215
2005-10-01,DEU,42604.1,10.659705771757748,181.5,880.9000000000015,5.201255653704905,6.780944112115751
2006-01-01,DEU,43103.5,10.67135947929129,499.40000000000146,1286.699999999997,6.213407377845676,7.159836080190942
2006-04-01,DEU,43857.4,10.688698740689015,753.9000000000015,1795.5,6.625259733217658,7.493038813666137
2006-07-01,DEU,44227.9,10.697111090648612,370.5,1805.300000000003,5.914853444736141,7.498482061942614
2006-10-01,DEU,44898.6,10.712161892843335,670.6999999999971,2294.5,6.508321943105687,7.738270233834888
2007-01-01,DEU,44986.1,10.714108832147568,87.5,1882.5999999999985,4.471638793363569,7.540409079113119
2007-04-01,DEU,45301.5,10.721095423505698,315.40000000000146,1444.0999999999985,5.7538416745289425,7.275241569132518
2007-07-01,DEU,45553.5,10.726642738375025,252.0,1325.5999999999985,5.529429087511423,7.189620466112352
2007-10-01,DEU,45913.8,10.734521004456173,360.3000000000029,1015.2000000000044,5.886937017754056,6.922840916400182
2008-01-01,DEU,46239.3,10.741585364823369,325.5,1253.2000000000044,5.785362461648624,7.13345555907804
2008-04-01,DEU,46101.3,10.7385964281533,-138.0,799.8000000000029,,6.684361696412721
2008-07-01,DEU,45881.7,10.73382162373907,-219.60000000000582,328.1999999999971,,5.793623178655982
2008-10-01,DEU,45221.8,10.71933455043559,-659.8999999999942,-692.0,,
2009-01-01,DEU,43139.7,10.672198965816047,-2082.100000000006,-3099.600000000006,,
2009-04-01,DEU,43297.0,10.675838627525664,157.3000000000029,-2804.300000000003,5.05815481006425,
2009-07-01,DEU,43582.6,10.682413267113677,285.59999999999854,-2299.0999999999985,5.654592230465425,
2009-10-01,DEU,43948.6,10.690776048225985,366.0,-1273.2000000000044,5.902633333401366,
2010-01-01,DEU,44309.7,10.69895889368991,361.09999999999854,1170.0,5.889154928283408,7.064759027791802
2010-04-01,DEU,45289.0,10.72081945637715,979.3000000000029,1992.0,6.886838030726752,7.596894438144544
2010-07-01,DEU,45742.0,10.730772192025304,453.0,2159.4000000000015,6.115892125483034,7.677585684313041
2010-10-01,DEU,46050.0,10.737483041683452,308.0,2101.4000000000015,5.730099782973574,7.650359068254676
2011-01-01,DEU,46883.6,10.755423213111428,833.5999999999985,2573.9000000000015,6.725753670999101,7.85317753736254
2011-04-01,DEU,47004.3,10.757994365869001,120.70000000000437,1715.300000000003,4.793308128103522,7.4473432714157815
2011-07-01,DEU,47249.4,10.763195234428565,245.09999999999854,1507.4000000000015,5.501666290534061,7.31814159140937
2011-10-01,DEU,47232.0,10.762826907960145,-17.400000000001455,1182.0,,7.074963197966044
2012-01-01,DEU,47304.8,10.764367049246719,72.80000000000291,421.20000000000437,4.28771595520268,6.043107780259831
2012-04-01,DEU,47325.8,10.76481088031922,21.0,321.5,3.044522437723423,5.772997543677674
2012-07-01,DEU,47398.4,10.766343751839184,72.59999999999854,149.0,4.28496492183073,5.003946305945459
2012-10-01,DEU,47210.1,10.762363131733387,-188.3000000000029,-21.900000000001455,,
2013-01-01,DEU,46907.1,10.755924328904182,-303.0,-397.70000000000437,,
2013-04-01,DEU,47464.5,10.767737342182674,557.4000000000015,138.6999999999971,6.32328311504785,4.932313327320765
2013-07-01,DEU,47653.1,10.771702964678674,188.59999999999854,254.6999999999971,5.239628370199349,5.5400863819854
2013-10-01,DEU,47658.5,10.771816277224172,5.400000000001455,448.40000000000146,1.6863989535704982,6.105685691198008
2014-01-01,DEU,48108.5,10.78121415565828,450.0,1201.4000000000015,6.1092475827643655,7.091242822416063
2014-04-01,DEU,48074.9,10.780515490371613,-33.599999999998545,610.4000000000015,,6.41411447997025
2014-07-01,DEU,48257.6,10.784308607316637,182.6999999999971,604.5,5.207845463383945,6.404401670054847
2014-10-01,DEU,48539.6,10.790135238620351,282.0,881.0999999999985,5.641907070938114,6.781171126872683
2015-01-01,DEU,48285.6,10.784888658543137,-254.0,177.09999999999854,,5.17671454478878
2015-04-01,DEU,48499.8,10.789314953205732,214.20000000000437,424.90000000000146,5.366910158013669,6.0518538471207695
2015-07-01,DEU,48600.4,10.79138704030739,100.59999999999854,342.8000000000029,4.6111522576656245,5.837147186723633
2015-10-01,DEU,48623.0,10.791851948969441,22.599999999998545,83.40000000000146,3.117949906278176,4.423648309364719
2016-01-01,DEU,49012.1,10.799822485383913,389.09999999999854,726.5,5.9638363799905045,6.588238483010338
2016-04-01,DEU,49114.4,10.80190754980713,102.30000000000291,614.5999999999985,4.6279096729576095,6.420971649696382
2016-07-01,DEU,49208.7,10.80382571611624,94.29999999999563,608.2999999999956,4.5464811896393655,6.410668181326653
2016-10-01,DEU,49371.2,10.807122537216378,162.5,748.1999999999971,5.090678001769792,6.617670321914042
2017-01-01,DEU,49905.4,10.8178844923175,534.2000000000044,893.3000000000029,6.280770300675869,6.794922470707797
2017-04-01,DEU,50290.6,10.82557345989619,385.1999999999971,1176.199999999997,5.953762679923963,7.070044182025853
2017-07-01,DEU,50599.4,10.831694997497744,308.8000000000029,1390.7000000000044,5.73269381815063,7.237562496484569
2017-10-01,DEU,51071.8,10.840987764761712,472.40000000000146,1700.6000000000058,6.157826084323211,7.438736408951695
2018-01-01,DEU,50765.1,10.834964389594507,-306.70000000000437,859.6999999999971,,6.756583491180395
2018-04-01,DEU,51110.5,10.84174523453584,345.40000000000146,819.9000000000015,5.844703165712582,6.709182381602134
2018-07-01,DEU,50683.6,10.833357665850722,-426.90000000000146,84.19999999999709,,4.433194921248247
2018-10-01,DEU,50983.1,10.839249484241428,299.5,-88.70000000000437,5.702114417555504,
2019-01-01,DEU,51225.8,10.84399859035948,242.70000000000437,460.70000000000437,5.491826112732574,6.132747071941881
2019-04-01,DEU,51253.9,10.844546991666357,28.099999999998545,143.40000000000146,3.3357695763396484,4.96563792816553
2019-07-01,DEU,51355.1,10.846519528828074,101.19999999999709,671.5,4.617098756853337,6.509514015963292
2019-10-01,DEU,51335.3,10.846133903682095,-19.799999999995634,352.20000000000437,,5.864199196062118
2020-01-01,DEU,50166.3,10.823098765506147,-1169.0,-1059.5,,
2020-04-01,DEU,45732.7,10.73056885711342,-4433.600000000006,-5521.200000000004,,
2020-07-01,DEU,49682.3,10.813404011832016,3949.600000000006,-1672.7999999999956,8.281369586944654,
2020-10-01,DEU,50279.6,10.825354707223056,597.2999999999956,-1055.7000000000044,6.392419499738253,
2021-01-01,DEU,49662.6,10.81300741371257,-617.0,-503.70000000000437,,
2021-04-01,DEU,50891.8,10.83745708936412,1229.2000000000044,5159.100000000006,7.114118830256333,8.548517424658264
2021-07-01,DEU,50940.9,10.838421416221896,49.099999999998545,1258.5999999999985,3.893859034800445,7.137755271092832
2021-10-01,DEU,51222.8,10.843940024405414,281.90000000000146,943.2000000000044,5.641552398120072,6.849278349223166
2022-01-01,DEU,51478.7,10.84892340886596,255.89999999999418,1816.0999999999985,5.54478674316572,7.504446623724452
2022-04-01,DEU,51080.1,10.84115026785795,-398.59999999999854,188.29999999999563,,5.2380364356630835
2022-07-01,DEU,51272.9,10.844917626470478,192.8000000000029,332.0,5.26165338217646,5.805134968916488
2022-10-01,DEU,50925.3,10.838115132093854,-347.59999999999854,-297.5,,
2023-01-01,DEU,50843.9,10.836515433612217,-81.40000000000146,-634.7999999999956,,
2023-04-01,DEU,50725.1,10.834176136106562,-118.80000000000291,-355.0,,
2023-07-01,DEU,50789.9,10.835452794901839,64.80000000000291,-483.0,4.171305603358274,
2023-10-01,DEU,50538.2,10.830484764953768,-251.70000000000437,-387.1000000000058,,
2024-01-01,DEU,50612.5,10.831953860340416,74.30000000000291,-231.40000000000146,4.308110951723752,
1995-01-01,GBR,30971.0,10.340806561758198,,,,
1995-04-01,GBR,31013.5,10.34217787254267,42.5,,3.7495040759303713,
1995-07-01,GBR,31340.2,10.352656897510581,326.7000000000007,,5.789042318607026,
1995-10-01,GBR,31418.8,10.355161718846025,78.59999999999854,,4.364371699435142,
1996-01-01,GBR,31607.4,10.36114654937499,188.60000000000218,636.4000000000015,5.239628370199369,6.455827296463634
1996-04-01,GBR,31691.8,10.36381325132434,84.39999999999782,678.2999999999993,4.435567401601886,6.519589667952033
1996-07-01,GBR,31968.1,10.372493809571516,276.2999999999993,627.8999999999978,5.621487231929368,6.44238091812006
1996-10-01,GBR,32383.0,10.385388872723718,414.90000000000146,964.2000000000007,6.028037527338825,6.871298741971523
1997-01-01,GBR,32880.2,10.400625931876677,497.1999999999971,1272.7999999999956,6.20899235963655,7.1489744770235735
1997-04-01,GBR,33222.4,10.410979626192855,342.20000000000437,1530.6000000000022,5.835395361458106,7.333415094375822
1997-07-01,GBR,33508.1,10.41954247963119,285.6999999999971,1540.0,5.654942309236717,7.3395376954076745
1997-10-01,GBR,33978.6,10.433486193670852,470.5,1595.5999999999985,6.153795959025435,7.3750051200312505
1998-01-01,GBR,34201.9,10.4400364770631,223.3000000000029,1321.7000000000044,5.408516158846125,7.186674065763764
1998-04-01,GBR,34396.3,10.445704279437164,194.40000000000146,1173.9000000000015,5.2699178920263465,7.068086817884478
1998-07-01,GBR,34477.9,10.448073818050462,81.59999999999854,969.8000000000029,4.401829261970043,6.877089864671255
1998-10-01,GBR,34675.2,10.453780013010666,197.29999999999563,696.5999999999985,5.284725413028547,6.546211357931899
1999-01-01,GBR,34884.5,10.459797883462825,209.3000000000029,682.5999999999985,5.343768629451968,6.525909036472605
1999-04-01,GBR,35019.0,10.463646050320772,134.5,622.6999999999971,4.901564199041894,6.434064861878402
1999-07-01,GBR,35548.3,10.478647614116104,529.3000000000029,1070.4000000000015,6.2715553788639475,6.975787689373965
1999-10-01,GBR,36027.0,10.492023936328794,478.6999999999971,1351.800000000003,6.171074096398457,7.209192316666256
2000-01-01,GBR,36439.4,10.503405885815726,412.40000000000146,1554.9000000000015,6.021993752142809,7.349166513863771
2000-04-01,GBR,36676.5,10.50989150197031,237.09999999999854,1657.5,5.468481993071354,7.413065722060018
2000-07-01,GBR,36876.7,10.515335194274385,200.1999999999971,1328.3999999999942,5.299316866881106,7.1917304895025875
2000-10-01,GBR,37077.9,10.520776383771802,201.20000000000437,1050.9000000000015,5.3042994382256055,6.957402218871552
2001-01-01,GBR,37372.4,10.528687743055825,294.5,933.0,5.685279003091641,6.838405200847344
2001-04-01,GBR,37501.2,10.532128211446514,128.79999999999563,824.6999999999971,4.85826081367022,6.715019683839306
2001-07-01,GBR,37660.6,10.536369734107597,159.40000000000146,783.9000000000015,5.071416766356124,6.664281461194679
2001-10-01,GBR,37743.2,10.538560606001042,82.59999999999854,665.2999999999956,4.414009680526915,6.500238066747835
2002-01-01,GBR,37800.6,10.540080254497576,57.400000000001455,428.1999999999971,4.050044303325546,6.059590376155576
2002-04-01,GBR,37945.3,10.543900927986757,144.70000000000437,444.1000000000058,4.974662633637468,6.09604976229807
2002-07-01,GBR,38157.6,10.54948023050261,212.29999999999563,497.0,5.35800036870919,6.208590026096629
2002-10-01,GBR,38410.4,10.556083535240425,252.8000000000029,667.2000000000044,5.532598662272714,6.503089851044543
2003-01-01,GBR,38645.2,10.562177854841332,234.79999999999563,844.5999999999985,5.458734087953923,6.7388631424998415
2003-04-01,GBR,38960.0,10.57029075775647,314.8000000000029,1014.6999999999971,5.751937516543258,6.922348281285035
2003-07-01,GBR,39255.7,10.577851935596662,295.6999999999971,1098.0999999999985,5.689345426858422,7.001336692603666
2003-10-01,GBR,39513.2,10.584390072279634,257.5,1102.7999999999956,5.551019720103791,7.005607679149637
2004-01-01,GBR,39611.7,10.586879808149927,98.5,966.5,4.590056548178043,6.8736812986483855
2004-04-01,GBR,39791.0,10.591396035047872,179.3000000000029,831.0,5.189060380611103,6.7226297948554485
2004-07-01,GBR,39867.9,10.593326767806886,76.90000000000146,612.2000000000044,4.342505876511617,6.417059026511319
2004-10-01,GBR,39994.6,10.596499723982753,126.69999999999709,481.40000000000146,4.8418220873270705,6.176698525348975
2005-01-01,GBR,40211.9,10.601918250702363,217.3000000000029,600.2000000000044,5.381278887262398,6.397262933006274
2005-04-01,GBR,40469.0,10.608291527903145,257.09999999999854,678.0,5.549465114271838,6.519147287940395
2005-07-01,GBR,40715.4,10.614361678242018,246.40000000000146,847.5,5.5069562316593705,6.742290839254605
2005-10-01,GBR,41026.7,10.621978353247226,311.29999999999563,1032.0999999999985,5.740757077447548,6.939350840571886
2006-01-01,GBR,41166.6,10.625382526947549,139.90000000000146,954.6999999999971,4.9409278816714455,6.861397155003984
2006-04-01,GBR,41256.3,10.627559107373932,89.70000000000437,787.3000000000029,4.496470769064799,6.668609370190425
2006-07-01,GBR,41283.8,10.628225450182276,27.5,568.4000000000015,3.3141860046725258,6.342825396222948
2006-10-01,GBR,41415.4,10.631408071322074,131.59999999999854,388.70000000000437,4.879767018891206,5.962807837858189
2007-01-01,GBR,41720.8,10.638755084386279,305.40000000000146,554.2000000000044,5.721622392784536,6.317525632428886
2007-04-01,GBR,41941.3,10.644026300637423,220.5,685.0,5.395897694886901,6.529418838262226
2007-07-01,GBR,42136.2,10.64866250768699,194.89999999999418,852.3999999999942,5.272486606513485,6.748055900224455
2007-10-01,GBR,42298.9,10.652516359968109,162.70000000000437,883.5,5.091908014225019,6.783891291759751
2008-01-01,GBR,42417.1,10.655306861802496,118.19999999999709,696.2999999999956,4.772378104971973,6.545780601948495
2008-04-01,GBR,42123.5,10.648361058712066,-293.59999999999854,182.1999999999971,,5.205104984825842
2008-07-01,GBR,41401.1,10.631062729508738,-722.4000000000015,-735.0999999999985,,
2008-10-01,GBR,40451.8,10.607866420878523,-949.2999999999956,-1847.0999999999985,,
2009-01-01,GBR,39556.4,10.585482780584682,-895.4000000000015,-2860.699999999997,,
2009-04-01,GBR,39357.3,10.580436751252295,-199.09999999999854,-2766.199999999997,,
2009-07-01,GBR,39302.7,10.579048497787534,-54.60000000000582,-2098.4000000000015,,
2009-10-01,GBR,39340.6,10.580012343479007,37.900000000001455,-1111.2000000000044,3.634951112088419,
2010-01-01,GBR,39629.4,10.58732654602445,288.8000000000029,73.0,5.6657344070186815,4.290459441148391
2010-04-01,GBR,39981.5,10.596172126109959,352.09999999999854,624.1999999999971,5.863915226161002,6.436470829836674
2010-07-01,GBR,40118.5,10.59959285354044,137.0,815.8000000000029,4.919980925828125,6.704169226883462
2010-10-01,GBR,40070.1,10.598385699259719,-48.400000000001455,729.5,,6.592359367962841
2011-01-01,GBR,40088.5,10.598844789122147,18.400000000001455,459.09999999999854,2.912350664615019,6.129268051255173
2011-04-01,GBR,40051.6,10.597923901760945,-36.900000000001455,70.09999999999854,,4.249922794040524
2011-07-01,GBR,40107.3,10.599313641614282,55.700000000004366,-11.19999999999709,4.0199801469333165,
2011-10-01,GBR,40097.0,10.59905679752845,-10.30000000000291,26.900000000001455,,3.2921262866078473
2012-01-01,GBR,40379.8,10.606084938907559,282.8000000000029,291.3000000000029,5.644739934022428,5.674353663965399
2012-04-01,GBR,40258.4,10.603073956724975,-121.40000000000146,206.8000000000029,,5.331752142634288
2012-07-01,GBR,40580.6,10.611045398879174,322.1999999999971,473.29999999999563,5.775172470742865,6.159729436912193
2012-10-01,GBR,40471.9,10.608363185124679,-108.69999999999709,374.90000000000146,,5.9266593237418705
2013-01-01,GBR,40522.4,10.609610186618463,50.5,142.59999999999854,3.9219733362813143,4.960043507980186
2013-04-01,GBR,40752.7,10.615277374142778,230.29999999999563,494.29999999999563,5.439382806826621,6.203142620312905
2013-07-01,GBR,41014.0,10.621668750815715,261.3000000000029,433.40000000000146,5.565669172526578,6.071661089102262
2013-10-01,GBR,41223.3,10.626758909464124,209.3000000000029,751.4000000000015,5.343768629451968,6.621938133139871
2014-01-01,GBR,41483.2,10.633043804980238,259.8999999999942,960.7999999999956,5.560296941647422,6.867766270765769
2014-04-01,GBR,41767.1,10.63986422726199,283.90000000000146,1014.4000000000015,5.648622063478931,6.922052583682963
2014-07-01,GBR,41998.4,10.645386801301768,231.3000000000029,984.4000000000015,5.443715569237406,6.892032318516902
2014-10-01,GBR,42211.5,10.650447974747834,213.09999999999854,988.1999999999971,5.361761539104565,6.895885106411646
2015-01-01,GBR,42252.4,10.65141643590572,40.900000000001455,769.2000000000044,3.711130063048792,6.64535101371463
2015-04-01,GBR,42417.7,10.655321006941048,165.29999999999563,650.5999999999985,5.107762004826952,6.477895014039249
2015-07-01,GBR,42496.9,10.6571864110757,79.20000000000437,498.5,4.371976298820435,6.211603589401893
2015-10-01,GBR,42655.4,10.660909156863005,158.5,443.90000000000146,5.065754593317335,6.095599311839993
2016-01-01,GBR,42721.9,10.662466948300494,66.5,469.5,4.197201947661808,6.1516682986483175
2016-04-01,GBR,42873.7,10.666013863308851,151.79999999999563,456.0,5.0225638649615005,6.1224928095143865
2016-07-01,GBR,42969.3,10.668241186201163,95.60000000000582,472.40000000000146,4.560172820057416,6.157826084323211
2016-10-01,GBR,43178.8,10.673104913038815,209.5,523.4000000000015,5.344723739362192,6.260345990096048
2017-01-01,GBR,43478.0,10.680010342017125,299.1999999999971,756.0999999999985,5.701112246100313,6.628173642564223
2017-04-01,GBR,43692.9,10.684940896487893,214.90000000000146,819.2000000000044,5.3701728036484715,6.708328254285249
2017-07-01,GBR,43904.8,10.68977893249389,211.90000000000146,935.5,5.35611446527426,6.841081145714145
2017-10-01,GBR,44155.8,10.695479567732207,251.0,977.0,5.5254529391317835,6.884486652042782
2018-01-01,GBR,44114.9,10.694552872850961,-40.900000000001455,636.9000000000015,,6.456612657377322
2018-04-01,GBR,44122.5,10.69472513540672,7.599999999998545,429.59999999999854,2.0281482472920938,6.062854543194652
2018-07-01,GBR,44209.4,10.696692715138056,86.90000000000146,304.59999999999854,4.464758032271363,5.718999440461056
2018-10-01,GBR,44206.1,10.69661806759319,-3.3000000000029104,50.299999999995634,,3.9180050771056067
2019-01-01,GBR,44467.2,10.702507117726622,261.09999999999854,352.29999999999563,5.564903475705077,5.86448308534718
2019-04-01,GBR,44550.6,10.70438090082173,83.40000000000146,428.09999999999854,4.423648309364719,6.059356813150897
2019-07-01,GBR,44827.3,10.710572607809524,276.70000000000437,617.9000000000015,5.622933886792896,6.426326632066936
2019-10-01,GBR,44769.7,10.709286850296769,-57.60000000000582,563.5999999999985,,6.334344780024523
2020-01-01,GBR,43505.1,10.680633451583853,-1264.5999999999985,-962.0999999999985,,
2020-04-01,GBR,34627.1,10.452391891470008,-8878.0,-9923.5,,
2020-07-01,GBR,40444.3,10.607680997847709,5817.200000000004,-4383.0,8.668574325303556,
2020-10-01,GBR,41001.1,10.621354174594838,556.7999999999956,-3768.5999999999985,6.322206109020202,
2021-01-01,GBR,40589.6,10.611267155140386,-411.5,-2915.5,,
2021-04-01,GBR,43573.0,10.682192971457658,2983.4000000000015,8945.900000000001,8.000818868719831,9.098950605750124
2021-07-01,GBR,44194.0,10.696344312245051,621.0,3749.699999999997,6.431331081933479,8.229431115764285
2021-10-01,GBR,44738.6,10.708591942645713,544.5999999999985,3737.5,6.300051580239656,8.226172217698942
2022-01-01,GBR,44848.5,10.711045422111598,109.90000000000146,4258.9000000000015,4.699570861409589,8.356766189957494
2022-04-01,GBR,44761.0,10.709092503552526,-87.5,1188.0,,7.080026499922591
2022-07-01,GBR,44671.3,10.707086516228498,-89.69999999999709,477.3000000000029,,6.168145224011857
2022-10-01,GBR,44663.0,10.706900697343169,-8.30000000000291,-75.59999999999854,,
2023-01-01,GBR,44574.5,10.704917225618514,-88.5,-274.0,,
2023-04-01,GBR,44487.7,10.702968025453186,-86.80000000000291,-273.3000000000029,,
2023-07-01,GBR,44325.0,10.699304130942409,-162.6999999999971,-346.3000000000029,,
2023-10-01,GBR,44078.2,10.693720608147297,-246.8000000000029,-584.8000000000029,,
2024-01-01,GBR,44286.3,10.698430653125007,208.10000000000582,-288.1999999999971,5.3380187333996165,
2007-07-01,JPN,39692.9,10.588927609371444,,,,
2007-10-01,JPN,39878.2,10.593585087650922,185.29999999999563,,5.221976133291291,
2008-01-01,JPN,40037.3,10.597566798588046,159.10000000000582,,5.069532935343778,
2008-04-01,JPN,39788.2,10.59132566490087,-249.10000000000582,,,
2008-07-01,JPN,39308.2,10.579188427492168,-480.0,-384.70000000000437,,
2008-10-01,JPN,38346.6,10.554421145759523,-961.5999999999985,-1531.5999999999985,,
2009-01-01,JPN,36517.1,10.505535923012616,-1829.5,-3520.2000000000044,,
2009-04-01,JPN,37241.0,10.525165583876873,723.9000000000015,-2547.199999999997,6.584653261299097,
2009-07-01,JPN,37245.9,10.525297150635783,4.900000000001455,-2062.2999999999956,1.5892352051168779,
2009-10-01,JPN,37708.8,10.537648767948147,462.90000000000146,-637.7999999999956,6.137511048037228,
2010-01-01,JPN,38109.2,10.54821100178192,400.3999999999942,1592.0999999999985,5.992464047441051,7.372809178501958
2010-04-01,JPN,38575.1,10.560362269580562,465.90000000000146,1334.0999999999985,6.1439710188227545,7.19601218618476
2010-07-01,JPN,39089.5,10.573609167710055,514.4000000000015,1843.5999999999985,6.243001172923412,7.519475460846352
2010-10-01,JPN,38775.4,10.56554130391674,-314.09999999999854,1066.5999999999985,,6.9722312981665
2011-01-01,JPN,38459.9,10.557371419035386,-315.5,350.70000000000437,,5.8599311571461445
2011-04-01,JPN,38101.9,10.54801942863779,-358.0,-473.1999999999971,,
2011-07-01,JPN,39028.7,10.57205255190793,926.7999999999956,-60.80000000000291,6.831737792558217,
2011-10-01,JPN,39011.9,10.571622006774769,-16.799999999995634,236.5,,5.465948207931988
2012-01-01,JPN,39599.3,10.58656672031866,587.4000000000015,1139.4000000000015,6.3757060187645225,7.038257087046296
2012-04-01,JPN,39231.1,10.577225078575976,-368.20000000000437,1129.199999999997,,7.0292646963793315
2012-07-01,JPN,39092.2,10.573678237581932,-138.90000000000146,63.5,,4.151039905898646
2012-10-01,JPN,39082.7,10.573435192818287,-9.5,70.79999999999563,,4.259859000699612
2013-01-01,JPN,39660.1,10.58810092350278,577.4000000000015,60.799999999995634,6.358535267228837,4.107589788972049
2013-04-01,JPN,40019.7,10.597127111857754,359.59999999999854,788.5999999999985,5.884992302597461,6.670259221443525
2013-07-01,JPN,40415.8,10.60697607660274,396.1000000000058,1323.6000000000058,5.9816667046278855,7.188110576047461
2013-10-01,JPN,40381.4,10.606124561894841,-34.400000000001455,1298.7000000000044,,7.169119043116048
2014-01-01,JPN,40750.6,10.615225842486993,369.1999999999971,1090.5,5.9113385026286895,6.994391585641684
2014-04-01,JPN,40013.2,10.596964678658049,-737.4000000000015,-6.5,,
2014-07-01,JPN,40067.3,10.59831581927856,54.10000000000582,-348.5,3.9908341858525436,
2014-10-01,JPN,40262.4,10.603173309935656,195.09999999999854,-119.0,5.273512247629058,
2015-01-01,JPN,40919.4,10.619359557201465,657.0,168.8000000000029,6.48768401848461,5.128714582161874
2015-04-01,JPN,40969.3,10.620578284722512,49.900000000001455,956.1000000000058,3.910021002757502,6.862862510091406
2015-07-01,JPN,40967.6,10.620536789376697,-1.7000000000043656,900.2999999999956,,6.802728041114427
2015-10-01,JPN,40909.1,10.619107811170329,-58.5,646.6999999999971,,6.471882508452542
2016-01-01,JPN,41241.8,10.62720758412311,332.70000000000437,322.40000000000146,5.807241183024444,5.775793010632477
2016-04-01,JPN,41169.5,10.625452969924597,-72.30000000000291,200.1999999999971,,5.299316866881106
2016-07-01,JPN,41279.3,10.628116442647325,109.80000000000291,311.70000000000437,4.698660529075457,5.742041186773306
2016-10-01,JPN,41368.2,10.630267748719175,88.89999999999418,459.09999999999854,4.487512142519793,6.129268051255173
2017-01-01,JPN,41714.6,10.638606466413298,346.40000000000146,472.79999999999563,5.847594176688284,6.158672466091879
2017-04-01,JPN,41869.3,10.642308140459296,154.70000000000437,699.8000000000029,5.041487757579048,6.550794579933592
2017-07-01,JPN,42249.2,10.65134069769481,379.8999999999942,969.8999999999942,5.939908060193565,6.877192973399491
2017-10-01,JPN,42326.3,10.653163921237269,77.10000000000582,958.1000000000058,4.34510328056936,6.864952156656834
2018-01-01,JPN,42390.1,10.654670123390845,63.799999999995634,675.5,4.1557531903506755,6.515453157400254
2018-04-01,JPN,42536.7,10.65812251169725,146.59999999999854,667.3999999999942,4.987707789452541,6.5033895663172645
2018-07-01,JPN,42342.3,10.653541865367453,-194.39999999999418,93.10000000000582,,4.533674184283084
2018-10-01,JPN,42304.1,10.652639287051226,-38.200000000004366,-22.200000000004366,,
2019-01-01,JPN,42431.0,10.65563450614867,126.90000000000146,40.900000000001455,4.843399374720353,3.711130063048792
2019-04-01,JPN,42592.5,10.659433460419697,161.5,55.80000000000291,5.084505142662711,4.021773869387317
2019-07-01,JPN,43035.0,10.669769017083574,442.5,692.6999999999971,6.092440464447984,6.540597005028555
2019-10-01,JPN,41552.7,10.634717780121818,-1482.300000000003,-751.4000000000015,,
2020-01-01,JPN,41801.1,10.640677933956066,248.40000000000146,-629.9000000000015,5.51504035005933,
2020-04-01,JPN,38607.4,10.561199246923499,-3193.699999999997,-3985.0999999999985,,
2020-07-01,JPN,40745.2,10.615093320320012,2137.7999999999956,-2289.800000000003,7.667532541839844,
2020-10-01,JPN,41501.0,10.633472802314019,755.8000000000029,-51.69999999999709,6.627776790915393,
2021-01-01,JPN,41718.5,10.638699954489441,217.5,-82.59999999999854,5.382198850528739,
2021-04-01,JPN,41815.6,10.641024754630534,97.09999999999854,3208.199999999997,4.575741375297264,8.07346531118274
2021-07-01,JPN,41720.9,10.638757481269373,-94.69999999999709,975.7000000000044,,6.883155162113908
2021-10-01,JPN,42275.5,10.65196300101795,554.5999999999985,774.5,6.318247133181675,6.652217659856923
2022-01-01,JPN,42194.7,10.650049899719653,-80.80000000000291,476.1999999999971,,6.165837934052757
2022-04-01,JPN,42621.0,10.660102368540187,426.3000000000029,805.4000000000015,6.055143323771172,6.691339048417356
2022-07-01,JPN,42555.1,10.65855498580843,-65.90000000000146,834.1999999999971,,6.726473181762842
2022-10-01,JPN,42800.8,10.664312072983988,245.70000000000437,525.3000000000029,5.504111279527152,6.2639695279599215
2023-01-01,JPN,43419.5,10.678663927935302,618.6999999999971,1224.800000000003,6.427620502536938,7.110532844343476
2023-04-01,JPN,43678.6,10.684613558623083,259.09999999999854,1057.5999999999985,5.557214087568059,6.963757469097421
2023-07-01,JPN,43308.2,10.676097272504544,-370.40000000000146,753.0999999999985,,6.624198021107304
1990-04-01,USA,39298.2,10.578933995281712,,,,
1990-07-01,USA,39185.6,10.576064611351363,-112.59999999999854,,,
1990-10-01,USA,38691.9,10.563385554785503,-493.6999999999971,,,
1991-01-01,USA,38392.4,10.555614802321063,-299.5,,,
1991-04-01,USA,38568.7,10.560196345682213,176.29999999999563,-729.5,5.1721870894038,
1991-07-01,USA,38625.9,10.561678314899456,57.200000000004366,-559.6999999999971,4.046553898385828,
1991-10-01,USA,38628.2,10.56173785866479,2.2999999999956344,-63.700000000004366,0.832909122933206,
1992-01-01,USA,38976.0,10.57070135106957,347.8000000000029,583.5999999999985,5.851627601920191,6.369215816648628
1992-04-01,USA,39267.4,10.578149937078686,291.40000000000146,698.7000000000044,5.6746968937611095,6.549221465558412
1992-07-01,USA,39509.5,10.584296428301316,242.09999999999854,883.5999999999985,5.489350863944007,6.784004471545961
1992-10-01,USA,39783.8,10.591215073235347,274.3000000000029,1155.6000000000058,5.614222397943569,7.052374968592085
1993-01-01,USA,39733.0,10.589937355648342,-50.80000000000291,757.0,,6.6293632534374485
1993-04-01,USA,39843.3,10.59270953959351,110.30000000000291,575.9000000000015,4.703203926259484,6.35593403451263
1993-07-01,USA,39897.0,10.594056412081272,53.69999999999709,387.5,3.983413001514765,5.959715848793402
1993-10-01,USA,40310.9,10.604377182827982,413.90000000000146,527.0999999999985,6.02562439875469,6.267390283861158
1994-01-01,USA,40592.9,10.611348453449795,282.0,859.9000000000015,5.641907070938114,6.756816103416853
1994-04-01,USA,41022.6,10.62187841333297,429.6999999999971,1179.2999999999956,6.063087290780943,7.072676321095921
1994-07-01,USA,41129.5,10.62448090457387,106.90000000000146,1232.5,4.6718938180310134,7.116799905916845
1994-10-01,USA,41473.7,10.632814770384163,344.1999999999971,1162.7999999999956,5.841222883777431,7.058586168684717
1995-01-01,USA,41509.5,10.633677595684247,35.80000000000291,916.5999999999985,3.577947893406736,6.820671172075022
1995-04-01,USA,41515.3,10.633817312973767,5.80000000000291,492.70000000000437,1.7578579175528755,6.1999004695499265
1995-07-01,USA,41734.0,10.63907142329333,218.6999999999971,604.5,5.387700927682709,6.404401670054847
1995-10-01,USA,41888.7,10.642771379799942,154.6999999999971,415.0,5.041487757579001,6.028278520230698
1996-01-01,USA,42097.7,10.647748386349122,209.0,588.1999999999971,5.342334251964811,6.37706702611989
1996-04-01,USA,42678.4,10.661448216428075,580.7000000000044,1163.0999999999985,6.364234272378011,7.058844133344992
1996-07-01,USA,42921.4,10.667125815038375,243.0,1187.4000000000015,5.493061443340548,7.079521321836577
1996-10-01,USA,43229.0,10.674266845309926,307.59999999999854,1340.300000000003,5.728800237631484,7.200648748484453
1997-01-01,USA,43393.0,10.678053416757233,164.0,1295.300000000003,5.099866427824199,7.166497607536212
1997-04-01,USA,43989.7,10.691710794587754,596.6999999999971,1311.2999999999956,6.391414474528031,7.178774290537375
1997-07-01,USA,44391.6,10.700805541332596,401.90000000000146,1470.199999999997,5.996203301455159,7.293153724939986
1997-10-01,USA,44631.1,10.706186204417945,239.5,1402.0999999999985,5.4785534168509695,7.245726391727085
1998-01-01,USA,44963.7,10.713610776555159,332.59999999999854,1570.699999999997,5.806940566758823,7.359276658848985
1998-04-01,USA,45255.9,10.720088327368792,292.20000000000437,1266.2000000000044,5.677438499316614,7.14377556811003
1998-07-01,USA,45683.0,10.729481516429123,427.09999999999854,1291.4000000000015,6.057018177847417,7.163482180192368
1998-10-01,USA,46278.3,10.74242844770295,595.3000000000029,1647.2000000000044,6.389065480159349,7.406832155713582
1999-01-01,USA,46594.9,10.749246372064432,316.59999999999854,1631.2000000000044,5.757639147446907,7.397071219260248
1999-04-01,USA,46855.7,10.754827945153936,260.79999999999563,1599.7999999999956,5.563753830052481,7.377633900414719
1999-07-01,USA,47326.4,10.76482355831297,470.70000000000437,1643.4000000000015,6.154220948407106,7.404522545497088
1999-10-01,USA,47958.7,10.778095502852477,632.2999999999956,1680.3999999999942,6.449363965064561,7.426787139295223
2000-01-01,USA,48010.8,10.779181264581323,52.10000000000582,1415.9000000000015,3.953164948759433,7.255520650290927
2000-04-01,USA,48764.3,10.794753766745515,753.5,1908.6000000000058,6.62472901806655,7.5541252679831565
2000-07-01,USA,48681.6,10.79305641426881,-82.70000000000437,1355.199999999997,,7.211704323897788
2000-10-01,USA,48842.8,10.796362256638666,161.20000000000437,884.1000000000058,5.082645830072555,6.784570178411765
2001-01-01,USA,48571.2,10.790786041643605,-271.6000000000058,560.3999999999942,,6.328650814462842
2001-04-01,USA,48759.7,10.794659430992196,188.5,-4.600000000005821,5.2390980068880655,
2001-07-01,USA,48437.5,10.788029586095703,-322.1999999999971,-244.09999999999854,,
2001-10-01,USA,48447.3,10.788231888211895,9.80000000000291,-395.5,2.282382385676823,
2002-01-01,USA,48746.2,10.794382524669885,298.8999999999942,175.0,5.700109069289873,5.1647859739235145
2002-04-01,USA,48935.9,10.798266557434944,189.70000000000437,176.20000000000437,5.245443876940992,5.171619713502104
2002-07-01,USA,49010.6,10.799791880228167,74.69999999999709,573.0999999999985,4.313480092138732,6.351060221557689
2002-10-01,USA,48951.7,10.798589376671236,-58.900000000001455,504.3999999999942,,6.223369604090753
2003-01-01,USA,49107.2,10.801760942543291,155.5,361.0,5.0466457316192885,5.8888779583328805
2003-04-01,USA,49432.2,10.80835731269476,325.0,496.29999999999563,5.783825182329737,6.207180582593386
2003-07-01,USA,50129.8,10.822370920622621,697.6000000000058,1119.2000000000044,6.547645872594778,7.0203694233512755
2003-10-01,USA,50590.8,10.83152502056281,461.0,1639.1000000000058,6.133398042996649,7.401902589695318
2004-01-01,USA,50778.6,10.8352302849692,187.79999999999563,1671.4000000000015,5.235377566774139,7.421416877567337
2004-04-01,USA,51060.6,10.84076844160775,282.0,1628.4000000000015,5.641907070938114,7.395353216628824
2004-07-01,USA,51417.2,10.847728025817203,356.59999999999854,1287.3999999999942,5.876614705429036,7.160379959618511
2004-10-01,USA,51812.8,10.855392501969453,395.6000000000058,1222.0,5.980403599748572,7.108244139731541
2005-01-01,USA,52276.9,10.86430986988214,464.09999999999854,1498.300000000003,6.140100046247127,7.3120864110491
2005-04-01,USA,52422.3,10.867087352297917,145.40000000000146,1361.7000000000044,4.979488565099429,7.216489198130533
2005-07-01,USA,52699.1,10.872353656584766,276.79999999999563,1281.9000000000015,5.623295223743499,7.15609863131809
2005-10-01,USA,52858.8,10.875379486425002,159.70000000000437,1046.0,5.073297055220994,6.952728644624869
2006-01-01,USA,53453.0,10.88655804209982,594.1999999999971,1176.0999999999985,6.387215963028503,7.06995915885699
2006-04-01,USA,53470.6,10.886887249125378,17.599999999998545,1048.2999999999956,2.8678989020440233,6.954925083458523
2006-07-01,USA,53412.6,10.88580195217145,-58.0,713.5,,6.570182436916891
2006-10-01,USA,53734.1,10.891803088274843,321.5,875.2999999999956,5.772997543677674,6.774566684738387
2007-01-01,USA,53776.9,10.89259928591529,42.80000000000291,323.90000000000146,3.756538102587819,5.780434826177288
2007-04-01,USA,53984.6,10.896454099688198,207.6999999999971,514.0,5.336094730882053,6.2422232654551655
2007-07-01,USA,54155.8,10.899620356573246,171.20000000000437,743.2000000000044,5.142832463707667,6.610965187499635
2007-10-01,USA,54358.0,10.9033470758296,202.1999999999971,623.9000000000015,5.309257306586357,6.435990099116743
2008-01-01,USA,54007.4,10.896876353194731,-350.59999999999854,230.5,,5.440250862436703
2008-04-01,USA,54210.0,10.900620672254384,202.59999999999854,225.40000000000146,5.311233591814576,5.417876601605682
2008-07-01,USA,53794.0,10.892917215767024,-416.0,-361.8000000000029,,
2008-10-01,USA,52493.5,10.868444631390874,-1300.5,-1864.5,,
2009-01-01,USA,51792.6,10.855002560899663,-700.9000000000015,-2214.800000000003,,
2009-04-01,USA,51594.1,10.851162603846943,-198.5,-2615.9000000000015,,
2009-07-01,USA,51656.2,10.852365506065881,62.099999999998545,-2137.800000000003,4.12874598893941,
2009-10-01,USA,52094.0,10.860805057961882,437.8000000000029,-399.5,6.0817621850887695,
2010-01-01,USA,52242.0,10.86364204805667,148.0,449.40000000000146,4.997212273764115,6.107913359751232
2010-04-01,USA,52647.5,10.871374033053934,405.5,1053.4000000000015,6.005120873555468,6.95977830704929
2010-07-01,USA,52940.5,10.876923920390817,293.0,1284.300000000003,5.680172609017068,7.157969101819012
2010-10-01,USA,53104.0,10.880007533959756,163.5,1010.0,5.096812990337308,6.917705609835305
2011-01-01,USA,52882.9,10.87583531417162,-221.09999999999854,640.9000000000015,,6.462873438510184
2011-04-01,USA,53144.4,10.880768016036606,261.5,496.90000000000146,5.566434283504978,6.2083887986082775
2011-07-01,USA,53019.4,10.878413163294638,-125.0,78.90000000000146,,4.368181227851847
2011-10-01,USA,53503.2,10.88749674417948,483.79999999999563,399.1999999999971,6.181671598175918,5.989462544437302
2012-01-01,USA,53856.5,10.894078380964073,353.3000000000029,973.5999999999985,5.8673175543651075,6.881000541673316
2012-04-01,USA,54000.5,10.896748584762804,144.0,856.0999999999985,4.969813299576001,6.752387191748438
2012-07-01,USA,53965.5,10.896100232481048,-35.0,946.0999999999985,,6.852348271710397
2012-10-01,USA,53915.8,10.895178849377283,-49.69999999999709,412.6000000000058,,6.022478600637165
2013-01-01,USA,54359.7,10.903378349486054,443.8999999999942,503.1999999999971,6.095599311839976,6.220987705386225
2013-04-01,USA,54412.8,10.904354699284362,53.10000000000582,412.3000000000029,3.9721769282480026,6.021751239712861
2013-07-01,USA,54761.4,10.910740845182225,348.59999999999854,795.9000000000015,5.853925133085917,6.679473549811806
2013-10-01,USA,55121.4,10.91729330449416,360.0,1205.5999999999985,5.886104031450156,7.094732647312284
2014-01-01,USA,54832.4,10.912036539097995,-289.0,472.70000000000437,,6.1584609377992
2014-04-01,USA,55439.3,10.923044007521447,606.9000000000015,1026.5,6.408364032841812,6.933910236458988
2014-07-01,USA,55991.9,10.932962316398356,552.5999999999985,1230.5,6.314634412489314,7.115175869831111
2014-10-01,USA,56153.6,10.935846072091785,161.6999999999971,1032.199999999997,5.085742766583043,6.939447725714624
2015-01-01,USA,56561.0,10.943074980753622,407.40000000000146,1728.5999999999985,6.009795503792709,7.455067111318537
2015-04-01,USA,56809.5,10.947458844245059,248.5,1370.199999999997,5.5154428455366835,7.2227119935687965
2015-07-01,USA,56915.9,10.949330018688848,106.40000000000146,924.0,4.667205576907557,6.828712071641684
2015-10-01,USA,56900.5,10.949059407422036,-15.400000000001455,746.9000000000015,,6.615931307363023
2016-01-01,USA,57127.9,10.953047892772295,227.40000000000146,566.9000000000015,5.426710581316442,6.3401829213302605
2016-04-01,USA,57209.5,10.954475247493566,81.59999999999854,400.0,4.401829261970043,5.991464547107982
2016-07-01,USA,57498.1,10.959507182761234,288.59999999999854,582.1999999999971,5.665041646339765,6.366814031311518
2016-10-01,USA,57704.8,10.963095637944331,206.70000000000437,804.3000000000029,5.331268466687744,6.689972333910027
2017-01-01,USA,57897.5,10.966429484735976,192.6999999999971,769.5999999999985,5.261134575420305,6.645870899351495
2017-04-01,USA,58132.4,10.970478446614152,234.90000000000146,922.9000000000015,5.459159891664873,6.827520886271532
2017-07-01,USA,58485.8,10.976539268712294,353.40000000000146,987.7000000000044,5.8676005598856005,6.895379007914086
2017-10-01,USA,59045.3,10.986060224892997,559.5,1340.5,6.32704352775198,7.200797957676014
2018-01-01,USA,59453.2,10.992944727415484,407.8999999999942,1555.699999999997,6.0110220463234985,7.349680884093074
2018-04-01,USA,59689.7,10.996914755182566,236.5,1557.2999999999956,5.465948207931988,7.35070883150129
2018-07-01,USA,59968.1,11.001568033152733,278.40000000000146,1482.2999999999956,5.62905892846027,7.301350214519811
2018-10-01,USA,59965.2,11.001519672939173,-2.900000000001455,919.8999999999942,,6.824264968483106
2019-01-01,USA,60227.7,11.005887658358601,262.5,774.5,5.570251082031678,6.652217659856923
2019-04-01,USA,60658.0,11.013006810042912,430.3000000000029,968.3000000000029,6.06448263984456,6.8755419566174885
2019-07-01,USA,61255.0,11.022800757728271,597.0,1286.9000000000015,6.391917113392602,7.1599915044996205
2019-10-01,USA,61558.7,11.027746470120999,303.6999999999971,1593.5,5.716040372051694,7.373688133857391
2020-01-01,USA,60659.5,11.013031538544572,-899.1999999999971,431.8000000000029,,6.067962518080714
2020-04-01,USA,55842.9,10.930297670185146,-4816.5999999999985,-4815.0999999999985,,
2020-07-01,USA,60144.6,11.00450694181166,4301.699999999997,-1110.4000000000015,8.366765572389102,
2020-10-01,USA,60735.6,11.014285296068039,591.0,-823.0999999999985,6.3818160174060985,
2021-01-01,USA,61526.6,11.02722488060986,791.0,867.0999999999985,6.673297967767654,6.765154310383113
2021-04-01,USA,62431.4,11.041823632920481,904.8000000000029,6588.5,6.807713924801914,8.793080983985307
2021-07-01,USA,62877.1,11.048937306446671,445.6999999999971,2732.5,6.099646079952503,7.912972220050694
2021-10-01,USA,63885.4,11.064846132256507,1008.3000000000029,3149.800000000003,6.916021023399172,8.055094237740482
2022-01-01,USA,63531.4,11.059289550850764,-354.0,2004.800000000003,,7.603299584141805
2022-04-01,USA,63379.0,11.056887855272539,-152.40000000000146,947.5999999999985,,6.853932472284629
2022-07-01,USA,63711.9,11.062126637299658,332.90000000000146,834.8000000000029,5.807842144580984,6.727192175203049
2022-10-01,USA,64032.6,11.067147607654402,320.6999999999971,147.1999999999971,5.7705061066991,4.991792206294756
2023-01-01,USA,64322.2,11.071660107248004,289.59999999999854,790.7999999999956,5.668500660511556,6.673045091296457
2023-04-01,USA,64576.3,11.07560274939129,254.10000000000582,1197.300000000003,5.537727890326141,7.0878243007228
2023-07-01,USA,65250.6,11.08599052054496,674.2999999999956,1538.699999999997,6.51367511574053,7.338693183063331
2023-10-01,USA,65701.1,11.09287094710271,450.5000000000073,1668.5000000000073,6.110358077048409,7.419680298191433
2024-01-01,USA,65855.9,11.09522430072804,154.79999999998836,1533.699999999997,5.042133961155551,7.335438395656732
2024-04-01,USA,66243.3,11.101089606658803,387.40000000000873,1667.0,5.959457750972918,7.418780882750794
